2393,2393,2018-04-16,16260.0005,Gold
2394,2394,2018-04-15,16270.70205,Gold
2395,2395,2018-04-13,16267.8051,Gold
2396,2396,2018-04-12,16183.716569999999,Gold
2397,2397,2018-04-11,16241.392,Gold
2398,2398,2018-04-10,16201.80961,Gold
2399,2399,2018-04-09,16203.1491,Gold
2400,2400,2018-04-06,16066.6025,Gold
2401,2401,2018-04-05,15908.7875,Gold
2402,2402,2018-04-04,15924.9265,Gold
2403,2403,2018-04-03,15813.305040000001,Gold
2404,2404,2018-04-02,15958.0712,Gold
2405,2405,2018-03-29,15714.30289,Gold
2406,2406,2018-03-28,15661.149,Gold
2407,2407,2018-03-27,15732.419219999998,Gold
2408,2408,2018-03-26,15816.924159999999,Gold
2409,2409,2018-03-23,15919.71396,Gold
2410,2410,2018-03-22,15800.686440000001,Gold
2411,2411,2018-03-21,15701.958999999999,Gold
2412,2412,2018-03-20,15766.4016,Gold
2413,2413,2018-03-19,15902.6361,Gold
2414,2414,2018-03-16,15782.391000000001,Gold
2415,2415,2018-03-15,15747.7971,Gold
2416,2416,2018-03-14,15673.2408,Gold
2417,2417,2018-03-13,15749.1284,Gold
2418,2418,2018-03-12,15681.32866,Gold
2419,2419,2018-03-09,15715.694280000002,Gold
2420,2420,2018-03-08,15804.148680000002,Gold
2421,2421,2018-03-07,15779.722280000002,Gold
2422,2422,2018-03-06,15789.6045,Gold
2423,2423,2018-03-05,15685.947540000001,Gold
2424,2424,2018-03-02,15812.96072,Gold
2425,2425,2018-03-01,15536.5299,Gold
2426,2426,2018-02-28,15614.10046,Gold
2427,2427,2018-02-27,15524.65596,Gold
2428,2428,2018-02-26,15467.08576,Gold
2429,2429,2018-02-23,15421.811000000002,Gold
2430,2430,2018-02-22,15596.8936,Gold
2431,2431,2018-02-21,15598.46,Gold
2432,2432,2018-02-20,15678.718980000001,Gold
2433,2433,2018-02-19,15727.20864,Gold
2434,2434,2018-02-18,,Gold
2435,2435,2018-02-16,15843.98608,Gold
2436,2436,2018-02-15,15808.6126,Gold
2437,2437,2018-02-14,15971.851630000001,Gold
2438,2438,2018-02-13,15974.7225,Gold
2439,2439,2018-02-12,15833.79855,Gold
2440,2440,2018-02-09,15897.295680000001,Gold
2441,2441,2018-02-08,16116.44094,Gold
2442,2442,2018-02-07,15928.0063,Gold
2443,2443,2018-02-06,15919.36731,Gold
2444,2444,2018-02-05,16268.1125,Gold
2445,2445,2018-02-02,16232.973,Gold
2446,2446,2018-02-01,16039.10616,Gold
2447,2447,2018-01-31,15998.766000000001,Gold
2448,2448,2018-01-30,16093.703759999999,Gold
2449,2449,2018-01-29,16130.528,Gold
2450,2450,2018-01-26,16169.06,Gold
2451,2451,2018-01-25,16364.061000000002,Gold
2452,2452,2018-01-24,16198.3098,Gold
2453,2453,2018-01-23,16206.57425,Gold
2454,2454,2018-01-22,16173.915519999999,Gold
2455,2455,2018-01-19,16374.9512,Gold
2456,2456,2018-01-18,16224.495,Gold
2457,2457,2018-01-17,16597.30275,Gold
2458,2458,2018-01-16,16542.2688,Gold
2459,2459,2018-01-15,16511.78826,Gold
2460,2460,2018-01-14,,Gold
2461,2461,2018-01-12,16625.814,Gold
2462,2462,2018-01-11,16499.2032,Gold
2463,2463,2018-01-10,16526.82686,Gold
2464,2464,2018-01-09,16337.373,Gold
2465,2465,2018-01-08,16473.2885,Gold
2466,2466,2018-01-05,16388.230359999998,Gold
2467,2467,2018-01-04,16389.43497,Gold
2468,2468,2018-01-03,16421.8648,Gold
2469,2469,2018-01-02,16515.96831,Gold
2470,2470,2018-01-01,16191.759880000001,Gold
2471,2471,2017-12-29,16315.483880000002,Gold
2472,2472,2017-12-28,16161.405,Gold
2473,2473,2017-12-27,15957.19146,Gold
2474,2474,2017-12-26,16245.662,Gold
2475,2475,2017-12-25,16139.877,Gold
2476,2476,2017-12-22,16227.1256,Gold
2477,2477,2017-12-21,16335.3672,Gold
2478,2478,2017-12-20,16251.389580000001,Gold
2479,2479,2017-12-19,16190.0127,Gold
2480,2480,2017-12-18,16274.980080000001,Gold
2481,2481,2017-12-15,16648.60096,Gold
2482,2482,2017-12-14,17096.359269999997,Gold
2483,2483,2017-12-13,16916.4309,Gold
2484,2484,2017-12-12,17101.0956,Gold
2485,2485,2017-12-11,17083.44248,Gold
2486,2486,2017-12-08,17165.7005,Gold
2487,2487,2017-12-07,17333.9775,Gold
2488,2488,2017-12-06,17225.04641,Gold
2489,2489,2017-12-05,17122.98595,Gold
2490,2490,2017-12-04,17387.43345,Gold
2491,2491,2017-12-01,17696.84948,Gold
2492,2492,2017-11-30,17610.7916,Gold
2493,2493,2017-11-29,17693.00865,Gold
2494,2494,2017-11-28,17865.914,Gold
2495,2495,2017-11-27,17992.576,Gold
2496,2496,2017-11-24,18413.38935,Gold
2497,2497,2017-11-23,17931.08245,Gold
2498,2498,2017-11-22,18057.28435,Gold
2499,2499,2017-11-21,18096.2275,Gold
2500,2500,2017-11-20,18092.369880000002,Gold
2501,2501,2017-11-17,18306.7214,Gold
2502,2502,2017-11-16,18275.7833,Gold
2503,2503,2017-11-15,18569.7981,Gold
2504,2504,2017-11-14,18613.40047,Gold
2505,2505,2017-11-13,18702.06116,Gold
2506,2506,2017-11-10,18496.14184,Gold
2507,2507,2017-11-09,18526.93446,Gold
2508,2508,2017-11-08,18347.689919999997,Gold
2509,2509,2017-11-07,18330.963040000002,Gold
2510,2510,2017-11-06,18241.518,Gold
2511,2511,2017-11-03,18226.50546,Gold
2512,2512,2017-11-02,18028.996759999998,Gold
2513,2513,2017-11-01,18128.964,Gold
2514,2514,2017-10-31,18120.31425,Gold
2515,2515,2017-10-30,18117.5904,Gold
2516,2516,2017-10-27,18054.08517,Gold
2517,2517,2017-10-26,18256.392,Gold
2518,2518,2017-10-25,18132.095,Gold
2519,2519,2017-10-24,17722.1872,Gold
2520,2520,2017-10-23,17724.107519999998,Gold
2521,2521,2017-10-20,17626.971999999998,Gold
2522,2522,2017-10-19,17556.1215,Gold
2523,2523,2017-10-18,17588.42744,Gold
2524,2524,2017-10-17,17392.068,Gold
2525,2525,2017-10-16,17520.07568,Gold
2526,2526,2017-10-13,17471.7171,Gold
2527,2527,2017-10-12,17646.19713,Gold
2528,2528,2017-10-11,17597.76783,Gold
2529,2529,2017-10-10,17898.077,Gold
2530,2530,2017-10-09,17899.5079,Gold
2531,2531,2017-10-06,17725.67,Gold
2532,2532,2017-10-05,17592.07464,Gold
2533,2533,2017-10-04,17481.2155,Gold
2534,2534,2017-10-03,17570.5024,Gold
2535,2535,2017-10-02,17523.7385,Gold
2536,2536,2017-09-29,17579.55048,Gold
2537,2537,2017-09-28,17591.9675,Gold
2538,2538,2017-09-27,17662.20232,Gold
2539,2539,2017-09-26,17568.98195,Gold
2540,2540,2017-09-25,17640.524980000002,Gold
2541,2541,2017-09-22,17340.107340000002,Gold
2542,2542,2017-09-21,17353.99988,Gold
2543,2543,2017-09-20,17708.8906,Gold
2544,2544,2017-09-19,17624.56075,Gold
2545,2545,2017-09-18,17601.69798,Gold
2546,2546,2017-09-15,17606.624340000002,Gold
2547,2547,2017-09-14,17600.911819999998,Gold
2548,2548,2017-09-13,17595.86136,Gold
2549,2549,2017-09-12,17490.644,Gold
2550,2550,2017-09-11,17489.87625,Gold
2551,2551,2017-09-08,17632.65504,Gold
2552,2552,2017-09-07,17439.8917,Gold
2553,2553,2017-09-06,17247.5275,Gold
2554,2554,2017-09-05,17496.11625,Gold
2555,2555,2017-09-04,17361.588,Gold
2556,2556,2017-09-03,,Gold
2557,2557,2017-09-01,17357.408040000002,Gold
2558,2558,2017-08-31,17333.33056,Gold
2559,2559,2017-08-30,17230.456990000002,Gold
2560,2560,2017-08-29,17265.75559,Gold
2561,2561,2017-08-28,17319.13122,Gold
2562,2562,2017-08-25,17060.223,Gold
2563,2563,2017-08-24,17197.96728,Gold
2564,2564,2017-08-23,17178.53118,Gold
2565,2565,2017-08-22,17215.26356,Gold
2566,2566,2017-08-21,17241.08725,Gold
2567,2567,2017-08-18,17138.77508,Gold
2568,2568,2017-08-17,17280.93034,Gold
2569,2569,2017-08-16,17049.54293,Gold
2570,2570,2017-08-15,17176.2969,Gold
2571,2571,2017-08-14,17342.3936,Gold
2572,2572,2017-08-11,17534.8281,Gold
2573,2573,2017-08-10,17511.889919999998,Gold
2574,2574,2017-08-09,17329.731,Gold
2575,2575,2017-08-08,17030.3875,Gold
2576,2576,2017-08-07,16868.85568,Gold
2577,2577,2017-08-04,17155.125,Gold
2578,2578,2017-08-03,17221.64319,Gold
2579,2579,2017-08-02,17019.2484,Gold
2580,2580,2017-08-01,17117.41428,Gold
2581,2581,2017-07-31,16920.86914,Gold
2582,2582,2017-07-28,16726.44272,Gold
2583,2583,2017-07-27,16600.72152,Gold
2584,2584,2017-07-26,16333.298999999999,Gold
2585,2585,2017-07-25,16600.25736,Gold
2586,2586,2017-07-24,16474.34577,Gold
2587,2587,2017-07-21,16422.4397,Gold
2588,2588,2017-07-20,16464.3453,Gold
2589,2589,2017-07-19,16279.0375,Gold
2590,2590,2017-07-18,16244.90505,Gold
2591,2591,2017-07-17,16204.003180000002,Gold
2592,2592,2017-07-14,16227.637319999998,Gold
2593,2593,2017-07-13,16313.27598,Gold
2594,2594,2017-07-12,16397.21223,Gold
2595,2595,2017-07-11,16722.31442,Gold
2596,2596,2017-07-10,16600.035,Gold
2597,2597,2017-07-07,16441.023,Gold
2598,2598,2017-07-06,16684.1073,Gold
2599,2599,2017-07-05,16587.90657,Gold
2600,2600,2017-07-04,16190.40246,Gold
2601,2601,2017-07-03,16342.9905,Gold
2602,2602,2017-06-30,16446.814980000003,Gold
2603,2603,2017-06-29,16446.7268,Gold
2604,2604,2017-06-28,16377.138,Gold
2605,2605,2017-06-27,16474.08186,Gold
2606,2606,2017-06-26,16255.60495,Gold
2607,2607,2017-06-23,16471.233659999998,Gold
2608,2608,2017-06-22,16432.8375,Gold
2609,2609,2017-06-21,16517.67656,Gold
2610,2610,2017-06-20,16473.4745,Gold
2611,2611,2017-06-19,16434.4185,Gold
2612,2612,2017-06-16,16317.3476,Gold
2613,2613,2017-06-15,16376.02995,Gold
2614,2614,2017-06-14,16330.6199,Gold
2615,2615,2017-06-13,16410.6748,Gold
2616,2616,2017-06-12,16488.8348,Gold
2617,2617,2017-06-09,16686.0684,Gold
2618,2618,2017-06-08,16745.209880000002,Gold
2619,2619,2017-06-07,16820.76693,Gold
2620,2620,2017-06-06,16860.43425,Gold
2621,2621,2017-06-05,16510.73895,Gold
2622,2622,2017-06-02,16619.0778,Gold
2623,2623,2017-06-01,16582.995,Gold
2624,2624,2017-05-31,16940.7607,Gold
2625,2625,2017-05-30,16844.801209999998,Gold
2626,2626,2017-05-29,16422.76252,Gold
2627,2627,2017-05-28,,Gold
2628,2628,2017-05-26,16580.29217,Gold
2629,2629,2017-05-25,16508.3856,Gold
2630,2630,2017-05-24,16420.20576,Gold
2631,2631,2017-05-23,16684.848,Gold
2632,2632,2017-05-22,16940.78925,Gold
2633,2633,2017-05-19,16852.1756,Gold
2634,2634,2017-05-18,17085.9975,Gold
2635,2635,2017-05-17,16880.63018,Gold
2636,2636,2017-05-16,16415.971080000003,Gold
2637,2637,2017-05-15,16477.636000000002,Gold
2638,2638,2017-05-12,16666.9524,Gold
2639,2639,2017-05-11,16641.23328,Gold
2640,2640,2017-05-10,16699.6756,Gold
2641,2641,2017-05-09,16848.675,Gold
2642,2642,2017-05-08,16994.8072,Gold
2643,2643,2017-05-05,16741.9791,Gold
2644,2644,2017-05-04,17055.228180000002,Gold
2645,2645,2017-05-03,17053.277430000002,Gold
2646,2646,2017-05-02,17049.572,Gold
2647,2647,2017-05-01,17115.37344,Gold
2648,2648,2017-04-28,17231.690769999997,Gold
2649,2649,2017-04-27,17176.44745,Gold
2650,2650,2017-04-26,17065.356,Gold
2651,2651,2017-04-25,16546.464,Gold
2652,2652,2017-04-24,16888.264,Gold
2653,2653,2017-04-21,17188.8717,Gold
2654,2654,2017-04-20,16881.97,Gold
2655,2655,2017-04-19,17303.84,Gold
2656,2656,2017-04-18,17177.8834,Gold
2657,2657,2017-04-17,17437.32852,Gold
2658,2658,2017-04-14,17305.81335,Gold
2659,2659,2017-04-13,17610.93316,Gold
2660,2660,2017-04-12,17475.76715,Gold
2661,2661,2017-04-11,17862.72,Gold
2662,2662,2017-04-10,17489.77337,Gold
2663,2663,2017-04-07,17581.152,Gold
2664,2664,2017-04-06,17515.617,Gold
2665,2665,2017-04-05,17506.8222,Gold
2666,2666,2017-04-04,17416.66592,Gold
2667,2667,2017-04-03,17449.27706,Gold
2668,2668,2017-03-31,17066.82111,Gold
2669,2669,2017-03-30,16860.718999999997,Gold
2670,2670,2017-03-29,16389.3004,Gold
2671,2671,2017-03-28,16364.4,Gold
2672,2672,2017-03-27,16305.975,Gold
2673,2673,2017-03-24,15570.647319999998,Gold
2674,2674,2017-03-23,15818.612,Gold
2675,2675,2017-03-22,15994.6412,Gold
2676,2676,2017-03-21,16103.22266,Gold
2677,2677,2017-03-20,15644.88888,Gold
2678,2678,2017-03-17,15690.99016,Gold
2679,2679,2017-03-16,15967.06155,Gold
2680,2680,2017-03-15,15658.796999999999,Gold
2681,2681,2017-03-14,15808.230130000002,Gold
2682,2682,2017-03-13,16126.286,Gold
2683,2683,2017-03-10,15804.57396,Gold
2684,2684,2017-03-09,16357.692280000001,Gold
2685,2685,2017-03-08,16192.828000000001,Gold
2686,2686,2017-03-07,15765.31495,Gold
2687,2687,2017-03-06,16249.2275,Gold
2688,2688,2017-03-03,15949.8825,Gold
2689,2689,2017-03-02,16520.36591,Gold
2690,2690,2017-03-01,16579.14063,Gold
2691,2691,2017-02-28,16446.512740000002,Gold
2692,2692,2017-02-27,16665.06124,Gold
2693,2693,2017-02-24,16593.984,Gold
2694,2694,2017-02-23,16392.519,Gold
2695,2695,2017-02-22,15983.1056,Gold
2696,2696,2017-02-21,16258.0275,Gold
2697,2697,2017-02-20,16150.21406,Gold
2698,2698,2017-02-19,,Gold
2699,2699,2017-02-17,16486.7235,Gold
2700,2700,2017-02-16,16486.668,Gold
2701,2701,2017-02-15,16226.3708,Gold
2702,2702,2017-02-14,16359.408480000002,Gold
2703,2703,2017-02-13,16329.2106,Gold
2704,2704,2017-02-10,16490.10272,Gold
2705,2705,2017-02-09,16876.895,Gold
2706,2706,2017-02-08,16922.89635,Gold
2707,2707,2017-02-07,16934.463,Gold
2708,2708,2017-02-06,16686.9578,Gold
2709,2709,2017-02-03,16510.85992,Gold
2710,2710,2017-02-02,16302.19829,Gold
2711,2711,2017-02-01,16583.6825,Gold
2712,2712,2017-01-31,16286.00586,Gold
2713,2713,2017-01-30,16456.8173,Gold
2714,2714,2017-01-27,16347.192,Gold
2715,2715,2017-01-26,15886.0104,Gold
2716,2716,2017-01-25,15858.2385,Gold
2717,2717,2017-01-24,16199.8655,Gold
2718,2718,2017-01-23,16728.51465,Gold
2719,2719,2017-01-20,16719.131,Gold
2720,2720,2017-01-19,16624.81251,Gold
2721,2721,2017-01-18,16512.32047,Gold
2722,2722,2017-01-17,16320.186000000002,Gold
2723,2723,2017-01-16,16449.57517,Gold
2724,2724,2017-01-15,,Gold
2725,2725,2017-01-13,16142.5265,Gold
2726,2726,2017-01-12,16544.11185,Gold
2727,2727,2017-01-11,16432.685080000003,Gold
2728,2728,2017-01-10,16272.565880000002,Gold
2729,2729,2017-01-09,16178.445,Gold
2730,2730,2017-01-06,16096.0465,Gold
2731,2731,2017-01-05,16026.2245,Gold
2732,2732,2017-01-04,16178.7045,Gold
2733,2733,2017-01-03,16049.840519999998,Gold
2734,2734,2017-01-02,15821.18225,Gold
2735,2735,2016-12-30,15799.39,Gold
2736,2736,2016-12-29,15744.386,Gold
2737,2737,2016-12-28,15786.27306,Gold
2738,2738,2016-12-27,15835.7652,Gold
2739,2739,2016-12-26,15895.499319999999,Gold
2740,2740,2016-12-25,,Gold
2741,2741,2016-12-23,15854.976059999999,Gold
2742,2742,2016-12-22,16217.1944,Gold
2743,2743,2016-12-21,15841.0555,Gold
2744,2744,2016-12-20,15835.22935,Gold
2745,2745,2016-12-19,16125.5295,Gold
2746,2746,2016-12-16,15985.024,Gold
2747,2747,2016-12-15,16130.0043,Gold
2748,2748,2016-12-14,16545.79375,Gold
2749,2749,2016-12-13,15751.9406,Gold
2750,2750,2016-12-12,16199.193140000001,Gold
2751,2751,2016-12-09,16034.03824,Gold
2752,2752,2016-12-08,15973.618999999999,Gold
2753,2753,2016-12-07,15833.125,Gold
2754,2754,2016-12-06,16282.3026,Gold
2755,2755,2016-12-05,16112.3282,Gold
2756,2756,2016-12-02,16578.36488,Gold
2757,2757,2016-12-01,16814.5705,Gold
2758,2758,2016-11-30,16871.715,Gold
2759,2759,2016-11-29,16851.708,Gold
2760,2760,2016-11-28,16347.890480000002,Gold
2761,2761,2016-11-25,16996.23273,Gold
2762,2762,2016-11-24,16790.70754,Gold
2763,2763,2016-11-23,17200.7836,Gold
2764,2764,2016-11-22,17044.825,Gold
2765,2765,2016-11-21,17325.8625,Gold
2766,2766,2016-11-20,,Gold
2767,2767,2016-11-18,17493.64175,Gold
2768,2768,2016-11-17,17932.6005,Gold
2769,2769,2016-11-16,17876.9585,Gold
2770,2770,2016-11-15,17350.2,Gold
2771,2771,2016-11-14,17992.05314,Gold
2772,2772,2016-11-11,17598.824,Gold
2773,2773,2016-11-10,18256.5625,Gold
2774,2774,2016-11-09,17116.47,Gold
2775,2775,2016-11-08,17176.018,Gold
2776,2776,2016-11-07,17076.426209999998,Gold
2777,2777,2016-11-04,17692.2975,Gold
2778,2778,2016-11-03,17532.51608,Gold
2779,2779,2016-11-02,17973.5055,Gold
2780,2780,2016-11-01,17893.8625,Gold
2781,2781,2016-10-31,17133.4625,Gold
2782,2782,2016-10-28,18017.31215,Gold
2783,2783,2016-10-27,17979.7968,Gold
2784,2784,2016-10-26,17567.69256,Gold
2785,2785,2016-10-25,17498.92739,Gold
2786,2786,2016-10-24,17559.8466,Gold
2787,2787,2016-10-21,17717.66697,Gold
2788,2788,2016-10-20,17656.89184,Gold
2789,2789,2016-10-19,17541.3965,Gold
2790,2790,2016-10-18,17523.10272,Gold
2791,2791,2016-10-17,17744.7424,Gold
2792,2792,2016-10-14,17943.51483,Gold
2793,2793,2016-10-13,17890.025,Gold
2794,2794,2016-10-12,18201.864719999998,Gold
2795,2795,2016-10-11,18415.5279,Gold
2796,2796,2016-10-10,17751.374,Gold
2797,2797,2016-10-07,17698.486119999998,Gold
2798,2798,2016-10-06,17731.76724,Gold
2799,2799,2016-10-05,17737.6326,Gold
2800,2800,2016-10-04,17899.723,Gold
2801,2801,2016-10-03,17798.8657,Gold
2802,2802,2016-09-30,18420.3225,Gold
2803,2803,2016-09-29,18365.0215,Gold
2804,2804,2016-09-28,18066.42425,Gold
2805,2805,2016-09-27,17833.355,Gold
2806,2806,2016-09-26,18341.56476,Gold
2807,2807,2016-09-23,18397.88255,Gold
2808,2808,2016-09-22,18289.758,Gold
2809,2809,2016-09-21,18401.04363,Gold
2810,2810,2016-09-20,18357.36375,Gold
2811,2811,2016-09-19,18460.77926,Gold
2812,2812,2016-09-18,,Gold
2813,2813,2016-09-16,18520.29198,Gold
2814,2814,2016-09-15,18710.67615,Gold
2815,2815,2016-09-14,18925.7301,Gold
2816,2816,2016-09-13,18984.1032,Gold
2817,2817,2016-09-12,18791.225,Gold
2818,2818,2016-09-09,19179.50996,Gold
2819,2819,2016-09-08,18900.88152,Gold
2820,2820,2016-09-07,18853.8075,Gold
2821,2821,2016-09-06,19228.9398,Gold
2822,2822,2016-09-05,19147.07484,Gold
2823,2823,2016-09-04,,Gold
2824,2824,2016-09-02,19533.0225,Gold
2825,2825,2016-09-01,19544.1645,Gold
2826,2826,2016-08-31,19257.1715,Gold
2827,2827,2016-08-30,18999.9745,Gold
2828,2828,2016-08-29,19056.3745,Gold
2829,2829,2016-08-26,18996.5625,Gold
2830,2830,2016-08-25,18752.0205,Gold
2831,2831,2016-08-24,18760.126,Gold
2832,2832,2016-08-23,18768.4,Gold
2833,2833,2016-08-22,18164.22699,Gold
2834,2834,2016-08-19,18105.453,Gold
2835,2835,2016-08-18,18070.13808,Gold
2836,2836,2016-08-17,18410.6875,Gold
2837,2837,2016-08-16,18127.08625,Gold
2838,2838,2016-08-15,17830.949109999998,Gold
2839,2839,2016-08-12,17998.16846,Gold
2840,2840,2016-08-11,18002.925,Gold
2841,2841,2016-08-10,17838.861,Gold
2842,2842,2016-08-09,17955.99,Gold
2843,2843,2016-08-08,18114.238999999998,Gold
2844,2844,2016-08-05,18342.09,Gold
2845,2845,2016-08-04,18622.354,Gold
2846,2846,2016-08-03,18866.47003,Gold
2847,2847,2016-08-02,19103.23728,Gold
2848,2848,2016-08-01,18818.245,Gold
2849,2849,2016-07-29,18724.12,Gold
2850,2850,2016-07-28,18845.3835,Gold
2851,2851,2016-07-27,18910.683,Gold
2852,2852,2016-07-26,18958.6485,Gold
2853,2853,2016-07-25,18925.3585,Gold
2854,2854,2016-07-22,18900.4835,Gold
2855,2855,2016-07-21,18926.3625,Gold
2856,2856,2016-07-20,18918.186,Gold
2857,2857,2016-07-19,19087.0525,Gold
2858,2858,2016-07-18,18923.058,Gold
2859,2859,2016-07-15,19340.37,Gold
2860,2860,2016-07-14,18937.7425,Gold
2861,2861,2016-07-13,19444.664,Gold
2862,2862,2016-07-12,19124.59032,Gold
2863,2863,2016-07-11,19576.9045,Gold
2864,2864,2016-07-08,19715.874780000002,Gold
2865,2865,2016-07-07,20053.042380000003,Gold
2866,2866,2016-07-06,20565.6395,Gold
2867,2867,2016-07-05,20456.775,Gold
2868,2868,2016-07-04,19693.908,Gold
2869,2869,2016-07-03,,Gold
2870,2870,2016-07-01,19462.75301,Gold
2871,2871,2016-06-30,19387.072,Gold
2872,2872,2016-06-29,19579.81905,Gold
2873,2873,2016-06-28,19979.407,Gold
2874,2874,2016-06-27,20444.5275,Gold
2875,2875,2016-06-24,20327.2045,Gold
2876,2876,2016-06-23,18167.586,Gold
2877,2877,2016-06-22,18532.453999999998,Gold
2878,2878,2016-06-21,18704.8092,Gold
2879,2879,2016-06-20,19142.826,Gold
2880,2880,2016-06-17,19544.53875,Gold
2881,2881,2016-06-16,19883.4701,Gold
2882,2882,2016-06-15,20024.359080000002,Gold
2883,2883,2016-06-14,19672.37976,Gold
2884,2884,2016-06-13,19894.395419999997,Gold
2885,2885,2016-06-10,19393.881999999998,Gold
2886,2886,2016-06-09,19204.48,Gold
2887,2887,2016-06-08,18968.05048,Gold
2888,2888,2016-06-07,18550.02192,Gold
2889,2889,2016-06-06,18971.029980000003,Gold
2890,2890,2016-06-03,19134.9054,Gold
2891,2891,2016-06-02,18841.66716,Gold
2892,2892,2016-06-01,18910.72998,Gold
2893,2893,2016-05-31,19088.27388,Gold
2894,2894,2016-05-30,19173.30384,Gold
2895,2895,2016-05-27,19500.66096,Gold
2896,2896,2016-05-26,19352.08152,Gold
2897,2897,2016-05-25,19601.2791,Gold
2898,2898,2016-05-24,19243.3451,Gold
2899,2899,2016-05-23,19670.29464,Gold
2900,2900,2016-05-20,19998.40139,Gold
2901,2901,2016-05-19,20222.50374,Gold
2902,2902,2016-05-18,20604.0786,Gold
2903,2903,2016-05-17,20200.73228,Gold
2904,2904,2016-05-16,19931.8935,Gold
2905,2905,2016-05-13,19593.6195,Gold
2906,2906,2016-05-12,19110.26617,Gold
2907,2907,2016-05-11,19162.3364,Gold
2908,2908,2016-05-10,19437.69576,Gold
2909,2909,2016-05-09,19544.14814,Gold
2910,2910,2016-05-06,19551.91434,Gold
2911,2911,2016-05-05,19342.75871,Gold
2912,2912,2016-05-04,19075.689290000002,Gold
2913,2913,2016-05-03,18896.62242,Gold
2914,2914,2016-05-02,18483.78455,Gold
2915,2915,2016-04-29,18668.54675,Gold
2916,2916,2016-04-28,18372.685230000003,Gold
2917,2917,2016-04-27,18005.09436,Gold
2918,2918,2016-04-26,18195.057240000002,Gold
2919,2919,2016-04-25,18208.512,Gold
2920,2920,2016-04-22,17693.28,Gold
2921,2921,2016-04-21,18195.9392,Gold
2922,2922,2016-04-20,18100.7372,Gold
2923,2923,2016-04-19,18153.590640000002,Gold
2924,2924,2016-04-18,18152.8757,Gold
2925,2925,2016-04-15,17965.89707,Gold
2926,2926,2016-04-14,18107.2261,Gold
2927,2927,2016-04-13,18120.86652,Gold
2928,2928,2016-04-12,18517.839780000002,Gold
2929,2929,2016-04-11,18518.7312,Gold
2930,2930,2016-04-08,18879.293999999998,Gold
2931,2931,2016-04-07,19116.1439,Gold
2932,2932,2016-04-06,18696.74195,Gold
2933,2933,2016-04-05,18537.90724,Gold
2934,2934,2016-04-04,18001.7964,Gold
2935,2935,2016-04-01,17956.5624,Gold
2936,2936,2016-03-31,18227.52954,Gold
2937,2937,2016-03-30,18597.809119999998,Gold
2938,2938,2016-03-29,19027.9936,Gold
2939,2939,2016-03-28,18845.74714,Gold
2940,2940,2016-03-25,18803.85516,Gold
2941,2941,2016-03-24,18881.37832,Gold
2942,2942,2016-03-23,18793.5846,Gold
2943,2943,2016-03-22,18992.86084,Gold
2944,2944,2016-03-21,18929.3922,Gold
2945,2945,2016-03-18,19129.8535,Gold
2946,2946,2016-03-17,19179.30375,Gold
2947,2947,2016-03-16,19551.998069999998,Gold
2948,2948,2016-03-15,19884.42367,Gold
2949,2949,2016-03-14,19609.93233,Gold
2950,2950,2016-03-11,19211.160490000002,Gold
2951,2951,2016-03-10,19870.55658,Gold
2952,2952,2016-03-09,19373.132169999997,Gold
2953,2953,2016-03-08,19744.16976,Gold
2954,2954,2016-03-07,19265.0632,Gold
2955,2955,2016-03-04,19499.3145,Gold
2956,2956,2016-03-03,19687.489019999997,Gold
2957,2957,2016-03-02,19296.87102,Gold
2958,2958,2016-03-01,19179.02367,Gold
2959,2959,2016-02-29,19582.85673,Gold
2960,2960,2016-02-26,19722.702240000002,Gold
2961,2961,2016-02-25,19292.64184,Gold
2962,2962,2016-02-24,19321.86195,Gold
2963,2963,2016-02-23,18619.54036,Gold
2964,2964,2016-02-22,18376.1754,Gold
2965,2965,2016-02-19,18945.6992,Gold
2966,2966,2016-02-18,19059.088,Gold
2967,2967,2016-02-17,18740.07696,Gold
2968,2968,2016-02-16,19223.1235,Gold
2969,2969,2016-02-15,18994.9563,Gold
2970,2970,2016-02-14,,Gold
2971,2971,2016-02-12,19680.00575,Gold
2972,2972,2016-02-11,19945.07349,Gold
2973,2973,2016-02-10,18978.28738,Gold
2974,2974,2016-02-09,19262.62952,Gold
2975,2975,2016-02-08,19518.27405,Gold
2976,2976,2016-02-05,18721.72275,Gold
2977,2977,2016-02-04,18361.38816,Gold
2978,2978,2016-02-03,18179.881830000002,Gold
2979,2979,2016-02-02,18275.44941,Gold
2980,2980,2016-02-01,17938.91113,Gold
2981,2981,2016-01-29,17740.7124,Gold
2982,2982,2016-01-28,18077.40552,Gold
2983,2983,2016-01-27,18357.50119,Gold
2984,2984,2016-01-26,18383.09262,Gold
2985,2985,2016-01-25,18299.8666,Gold
2986,2986,2016-01-22,18068.141,Gold
2987,2987,2016-01-21,18205.27258,Gold
2988,2988,2016-01-20,18554.996,Gold
2989,2989,2016-01-19,18292.22766,Gold
2990,2990,2016-01-18,18369.9614,Gold
2991,2991,2016-01-17,,Gold
2992,2992,2016-01-15,18347.8967,Gold
2993,2993,2016-01-14,17663.39981,Gold
2994,2994,2016-01-13,18018.57,Gold
2995,2995,2016-01-12,18099.1232,Gold
2996,2996,2016-01-11,18401.13405,Gold
2997,2997,2016-01-08,17913.13194,Gold
2998,2998,2016-01-07,17808.4929,Gold
2999,2999,2016-01-06,17316.98805,Gold
3000,3000,2016-01-05,16862.078080000003,Gold
3001,3001,2016-01-04,16747.04772,Gold
3002,3002,2015-12-31,16736.2871,Gold
3003,3003,2015-12-30,16485.93313,Gold
3004,3004,2015-12-29,16488.44375,Gold
3005,3005,2015-12-28,16388.0704,Gold
3006,3006,2015-12-24,16455.09176,Gold
3007,3007,2015-12-23,16268.7822,Gold
3008,3008,2015-12-22,16295.0428,Gold
3009,3009,2015-12-21,16335.28353,Gold
3010,3010,2015-12-18,16097.80746,Gold
3011,3011,2015-12-17,16004.7348,Gold
3012,3012,2015-12-16,16110.71,Gold
3013,3013,2015-12-15,15868.0341,Gold
3014,3014,2015-12-14,16084.95525,Gold
3015,3015,2015-12-11,17101.172,Gold
3016,3016,2015-12-10,16597.10115,Gold
3017,3017,2015-12-09,16142.23248,Gold
3018,3018,2015-12-08,15711.71977,Gold
3019,3019,2015-12-07,15921.4095,Gold
3020,3020,2015-12-04,15550.97085,Gold
3021,3021,2015-12-03,15253.76241,Gold
3022,3022,2015-12-02,15127.77,Gold
3023,3023,2015-12-01,15357.5487,Gold
3024,3024,2015-11-30,15403.900819999999,Gold
3025,3025,2015-11-27,15215.722819999999,Gold
3026,3026,2015-11-26,15302.2674,Gold
3027,3027,2015-11-25,15120.91955,Gold
3028,3028,2015-11-24,15087.254340000001,Gold
3029,3029,2015-11-23,15026.731440000001,Gold
3030,3030,2015-11-20,15018.471000000001,Gold
3031,3031,2015-11-19,15124.34,Gold
3032,3032,2015-11-18,15142.010240000001,Gold
3033,3033,2015-11-17,15524.19825,Gold
3034,3034,2015-11-16,15788.1214,Gold
3035,3035,2015-11-13,15565.573519999998,Gold
3036,3036,2015-11-12,15466.7884,Gold
3037,3037,2015-11-11,15351.21675,Gold
3038,3038,2015-11-10,15525.02294,Gold
3039,3039,2015-11-09,15557.187580000002,Gold
3040,3040,2015-11-06,15398.7846,Gold
3041,3041,2015-11-05,15339.45336,Gold
3042,3042,2015-11-04,15447.07195,Gold
3043,3043,2015-11-03,15309.21942,Gold
3044,3044,2015-11-02,15654.95856,Gold
3045,3045,2015-10-30,15780.89505,Gold
3046,3046,2015-10-29,15939.7704,Gold
3047,3047,2015-10-28,16141.5723,Gold
3048,3048,2015-10-27,15956.340040000001,Gold
3049,3049,2015-10-26,15916.5963,Gold
3050,3050,2015-10-23,15862.7588,Gold
3051,3051,2015-10-22,15638.8563,Gold
3052,3052,2015-10-21,15795.8766,Gold
3053,3053,2015-10-20,15663.9838,Gold
3054,3054,2015-10-19,15593.978309999999,Gold
3055,3055,2015-10-16,15483.145040000001,Gold
3056,3056,2015-10-15,15500.55073,Gold
3057,3057,2015-10-14,15620.86569,Gold
3058,3058,2015-10-13,15808.248,Gold
3059,3059,2015-10-12,15516.235019999998,Gold
3060,3060,2015-10-09,15439.14886,Gold
3061,3061,2015-10-08,15234.697830000001,Gold
3062,3062,2015-10-07,15472.2042,Gold
3063,3063,2015-10-06,15502.78644,Gold
3064,3064,2015-10-05,15492.50006,Gold
3065,3065,2015-10-02,15614.6572,Gold
3066,3066,2015-10-01,15510.666780000001,Gold
3067,3067,2015-09-30,15455.9218,Gold
3068,3068,2015-09-29,15749.644559999999,Gold
3069,3069,2015-09-28,15923.9572,Gold
3070,3070,2015-09-25,15944.871000000001,Gold
3071,3071,2015-09-24,15972.97644,Gold
3072,3072,2015-09-23,15688.5024,Gold
3073,3073,2015-09-22,15387.075,Gold
3074,3074,2015-09-21,15262.17714,Gold
3075,3075,2015-09-18,15165.75155,Gold
3076,3076,2015-09-17,14918.301330000002,Gold
3077,3077,2015-09-16,14848.314480000001,Gold
3078,3078,2015-09-15,15138.9312,Gold
3079,3079,2015-09-14,15227.261999999999,Gold
3080,3080,2015-09-11,14984.97825,Gold
3081,3081,2015-09-10,15148.55825,Gold
3082,3082,2015-09-09,15203.085480000002,Gold
3083,3083,2015-09-08,15377.04184,Gold
3084,3084,2015-09-07,15642.65121,Gold
3085,3085,2015-09-06,,Gold
3086,3086,2015-09-04,15525.3527,Gold
3087,3087,2015-09-03,15241.8668,Gold
3088,3088,2015-09-02,15226.12275,Gold
3089,3089,2015-09-01,15311.074069999999,Gold
3090,3090,2015-08-31,15026.29008,Gold
3091,3091,2015-08-28,15075.21564,Gold
3092,3092,2015-08-27,14757.090719999998,Gold
3093,3093,2015-08-26,14764.76094,Gold
3094,3094,2015-08-25,15018.093719999999,Gold
3095,3095,2015-08-24,15262.3655,Gold
3096,3096,2015-08-21,15040.011999999999,Gold
3097,3097,2015-08-20,14915.3233,Gold
3098,3098,2015-08-19,14536.01974,Gold
3099,3099,2015-08-18,14412.26565,Gold
3100,3100,2015-08-17,14437.2109,Gold
3101,3101,2015-08-14,14274.16669,Gold
3102,3102,2015-08-13,14291.55915,Gold
3103,3103,2015-08-12,14329.223999999998,Gold
3104,3104,2015-08-11,14167.8654,Gold
3105,3105,2015-08-10,13986.57014,Gold
3106,3106,2015-08-07,14208.7377,Gold
3107,3107,2015-08-06,13864.6185,Gold
3108,3108,2015-08-05,14289.85155,Gold
3109,3109,2015-08-04,13892.79125,Gold
3110,3110,2015-08-03,13819.47476,Gold
3111,3111,2015-07-31,13877.31005,Gold
3112,3112,2015-07-30,13822.897680000002,Gold
3113,3113,2015-07-29,13693.17005,Gold
3114,3114,2015-07-28,13779.94285,Gold
3115,3115,2015-07-27,14233.985209999999,Gold
3116,3116,2015-07-24,13703.854480000002,Gold
3117,3117,2015-07-23,13614.283000000001,Gold
3118,3118,2015-07-22,13543.7283,Gold
3119,3119,2015-07-21,13603.046219999998,Gold
3120,3120,2015-07-20,14193.8797,Gold
3121,3121,2015-07-17,13989.048,Gold
3122,3122,2015-07-16,14171.1101,Gold
3123,3123,2015-07-15,14246.27376,Gold
3124,3124,2015-07-14,14212.69255,Gold
3125,3125,2015-07-13,14382.8176,Gold
3126,3126,2015-07-10,14413.94385,Gold
3127,3127,2015-07-09,14499.6695,Gold
3128,3128,2015-07-08,14629.31181,Gold
3129,3129,2015-07-07,14774.001919999999,Gold
3130,3130,2015-07-06,14534.5768,Gold
3131,3131,2015-07-03,14387.8799,Gold
3132,3132,2015-07-02,14245.0055,Gold
3133,3133,2015-07-01,14317.3275,Gold
3134,3134,2015-06-30,14257.03785,Gold
3135,3135,2015-06-29,14425.42925,Gold
3136,3136,2015-06-26,14312.31225,Gold
3137,3137,2015-06-25,14180.42175,Gold
3138,3138,2015-06-24,14252.3667,Gold
3139,3139,2015-06-23,14749.42895,Gold
3140,3140,2015-06-22,14321.823040000001,Gold
3141,3141,2015-06-19,14613.24375,Gold
3142,3142,2015-06-18,14713.20855,Gold
3143,3143,2015-06-17,14429.25184,Gold
3144,3144,2015-06-16,14602.19475,Gold
3145,3145,2015-06-15,14702.105609999999,Gold
3146,3146,2015-06-12,14594.604919999998,Gold
3147,3147,2015-06-11,14572.23696,Gold
3148,3148,2015-06-10,14600.77239,Gold
3149,3149,2015-06-09,14633.25035,Gold
3150,3150,2015-06-08,14637.899080000001,Gold
3151,3151,2015-06-05,14691.5079,Gold
3152,3152,2015-06-04,14546.20192,Gold
3153,3153,2015-06-03,15004.04955,Gold
3154,3154,2015-06-02,14571.12466,Gold
3155,3155,2015-06-01,14571.52875,Gold
3156,3156,2015-05-29,14457.7517,Gold
3157,3157,2015-05-28,14422.93995,Gold
3158,3158,2015-05-27,14263.056480000001,Gold
3159,3159,2015-05-26,14741.283000000001,Gold
3160,3160,2015-05-25,14441.1077,Gold
3161,3161,2015-05-24,,Gold
3162,3162,2015-05-22,14325.1485,Gold
3163,3163,2015-05-21,14237.8146,Gold
3164,3164,2015-05-20,14306.1226,Gold
3165,3165,2015-05-19,14374.178999999998,Gold
3166,3166,2015-05-18,14583.8084,Gold
3167,3167,2015-05-15,14453.546999999999,Gold
3168,3168,2015-05-14,14442.441859999999,Gold
3169,3169,2015-05-13,14852.2425,Gold
3170,3170,2015-05-12,14390.5079,Gold
3171,3171,2015-05-11,14294.712480000002,Gold
3172,3172,2015-05-08,14181.2066,Gold
3173,3173,2015-05-07,14206.536,Gold
3174,3174,2015-05-06,14303.8351,Gold
3175,3175,2015-05-05,14296.3258,Gold
3176,3176,2015-05-04,14312.451959999999,Gold
3177,3177,2015-05-01,14165.05725,Gold
3178,3178,2015-04-30,14085.9312,Gold
3179,3179,2015-04-29,14260.396519999998,Gold
3180,3180,2015-04-28,14404.716999999999,Gold
3181,3181,2015-04-27,14446.8198,Gold
3182,3182,2015-04-24,14249.8876,Gold
3183,3183,2015-04-23,14508.973999999998,Gold
3184,3184,2015-04-22,14506.17311,Gold
3185,3185,2015-04-21,14579.38858,Gold
3186,3186,2015-04-20,14483.1225,Gold
3187,3187,2015-04-17,14515.3943,Gold
3188,3188,2015-04-16,14332.872,Gold
3189,3189,2015-04-15,14493.6945,Gold
3190,3190,2015-04-14,14323.500240000001,Gold
3191,3191,2015-04-13,14557.82298,Gold
3192,3192,2015-04-10,14449.538380000002,Gold
3193,3193,2015-04-09,14624.3811,Gold
3194,3194,2015-04-08,14217.63425,Gold
3195,3195,2015-04-07,14386.40722,Gold
3196,3196,2015-04-06,14391.666000000001,Gold
3197,3197,2015-04-03,14168.2182,Gold
3198,3198,2015-04-02,14346.55185,Gold
3199,3199,2015-04-01,14480.89065,Gold
3200,3200,2015-03-31,14351.59455,Gold
3201,3201,2015-03-30,14394.7276,Gold
3202,3202,2015-03-27,14451.591,Gold
3203,3203,2015-03-26,14457.825719999999,Gold
3204,3204,2015-03-25,14547.1869,Gold
3205,3205,2015-03-24,14411.503319999998,Gold
3206,3206,2015-03-23,14139.2196,Gold
3207,3207,2015-03-20,14594.6205,Gold
3208,3208,2015-03-19,14393.37465,Gold
3209,3209,2015-03-18,13887.6111,Gold
3210,3210,2015-03-17,14189.5431,Gold
3211,3211,2015-03-16,14296.88345,Gold
3212,3212,2015-03-13,14383.2954,Gold
3213,3213,2015-03-12,14168.5258,Gold
3214,3214,2015-03-11,14128.86995,Gold
3215,3215,2015-03-10,14348.1168,Gold
3216,3216,2015-03-09,14546.44736,Gold
3217,3217,2015-03-06,14015.18195,Gold
3218,3218,2015-03-05,14166.272630000001,Gold
3219,3219,2015-03-04,14185.6893,Gold
3220,3220,2015-03-03,14154.223999999998,Gold
3221,3221,2015-03-02,14637.9265,Gold
3222,3222,2015-02-27,14148.6168,Gold
3223,3223,2015-02-26,13952.1312,Gold
3224,3224,2015-02-25,13751.8103,Gold
3225,3225,2015-02-24,13738.61665,Gold
3226,3226,2015-02-23,13966.6908,Gold
3227,3227,2015-02-20,13996.9346,Gold
3228,3228,2015-02-19,14097.11735,Gold
3229,3229,2015-02-18,13915.3203,Gold
3230,3230,2015-02-17,14104.5675,Gold
3231,3231,2015-02-16,14346.22575,Gold
3232,3232,2015-02-15,,Gold
3233,3233,2015-02-13,14312.64175,Gold
3234,3234,2015-02-12,14290.42125,Gold
3235,3235,2015-02-11,14851.83,Gold
3236,3236,2015-02-10,14389.02912,Gold
3237,3237,2015-02-09,14373.4272,Gold
3238,3238,2015-02-06,14205.8907,Gold
3239,3239,2015-02-05,14222.74,Gold
3240,3240,2015-02-04,14502.7369,Gold
3241,3241,2015-02-03,14336.01585,Gold
3242,3242,2015-02-02,14676.9381,Gold
3243,3243,2015-01-30,14890.4338,Gold
3244,3244,2015-01-29,14496.2757,Gold
3245,3245,2015-01-28,14892.0079,Gold
3246,3246,2015-01-27,14966.28205,Gold
3247,3247,2015-01-26,14664.4828,Gold
3248,3248,2015-01-23,15114.33668,Gold
3249,3249,2015-01-22,14827.98,Gold
3250,3250,2015-01-21,14895.27369,Gold
3251,3251,2015-01-20,14998.4838,Gold
3252,3252,2015-01-19,14851.476,Gold
3253,3253,2015-01-18,,Gold
3254,3254,2015-01-16,14746.9181,Gold
3255,3255,2015-01-15,14962.6596,Gold
3256,3256,2015-01-14,14127.0908,Gold
3257,3257,2015-01-13,14643.2169,Gold
3258,3258,2015-01-12,14208.47001,Gold
3259,3259,2015-01-09,13979.136,Gold
3260,3260,2015-01-08,13999.9182,Gold
3261,3261,2015-01-07,14138.355280000002,Gold
3262,3262,2015-01-06,14282.8802,Gold
3263,3263,2015-01-05,14095.2612,Gold
3264,3264,2015-01-02,13880.351,Gold
3265,3265,2015-01-01,13704.573,Gold
3266,3266,2014-12-31,13698.9069,Gold
3267,3267,2014-12-30,13880.313,Gold
3268,3268,2014-12-29,13734.8991,Gold
3269,3269,2014-12-26,13865.599530000001,Gold
3270,3270,2014-12-25,13672.5028,Gold
3271,3271,2014-12-24,13659.54,Gold
3272,3272,2014-12-23,13721.592680000002,Gold
3273,3273,2014-12-22,13652.6681,Gold
3274,3274,2014-12-19,13838.715619999999,Gold
3275,3275,2014-12-18,13837.61275,Gold
3276,3276,2014-12-17,13875.97455,Gold
3277,3277,2014-12-16,13920.874,Gold
3278,3278,2014-12-15,14196.0684,Gold
3279,3279,2014-12-12,14188.031,Gold
3280,3280,2014-12-11,14250.97575,Gold
3281,3281,2014-12-10,14180.2771,Gold
3282,3282,2014-12-09,14106.5862,Gold
3283,3283,2014-12-08,13788.63005,Gold
3284,3284,2014-12-05,13514.537580000002,Gold
3285,3285,2014-12-04,13521.585,Gold
3286,3286,2014-12-03,13560.5785,Gold
3287,3287,2014-12-02,13801.18275,Gold
3288,3288,2014-12-01,13387.646999999999,Gold
3289,3289,2014-11-28,13021.8036,Gold
3290,3290,2014-11-27,13048.2688,Gold
3291,3291,2014-11-26,13107.5564,Gold
3292,3292,2014-11-25,13127.99715,Gold
3293,3293,2014-11-24,13176.801000000001,Gold
3294,3294,2014-11-21,13128.79125,Gold
3295,3295,2014-11-20,13054.23945,Gold
3296,3296,2014-11-19,13198.232,Gold
3297,3297,2014-11-18,13204.3878,Gold
3298,3298,2014-11-17,13169.5109,Gold
3299,3299,2014-11-14,13127.43,Gold
3300,3300,2014-11-13,13018.2532,Gold
3301,3301,2014-11-12,13485.858380000001,Gold
3302,3302,2014-11-11,13046.616000000002,Gold
3303,3303,2014-11-10,13073.3304,Gold
3304,3304,2014-11-07,13169.696000000002,Gold
3305,3305,2014-11-06,12862.64069,Gold
3306,3306,2014-11-05,12767.888340000001,Gold
3307,3307,2014-11-04,12881.79204,Gold
3308,3308,2014-11-03,12952.2744,Gold
3309,3309,2014-10-31,13452.7347,Gold
3310,3310,2014-10-30,13022.38852,Gold
3311,3311,2014-10-29,13404.8607,Gold
3312,3312,2014-10-28,13333.1324,Gold
3313,3313,2014-10-27,13446.108180000001,Gold
3314,3314,2014-10-24,13460.094,Gold
3315,3315,2014-10-23,13485.85875,Gold
3316,3316,2014-10-22,13693.4224,Gold
3317,3317,2014-10-21,13820.7978,Gold
3318,3318,2014-10-20,13707.636,Gold
3319,3319,2014-10-17,13720.98315,Gold
3320,3320,2014-10-16,13785.55245,Gold
3321,3321,2014-10-15,13778.4075,Gold
3322,3322,2014-10-14,13635.5976,Gold
3323,3323,2014-10-13,13573.31595,Gold
3324,3324,2014-10-10,13576.298999999999,Gold
3325,3325,2014-10-09,13546.5252,Gold
3326,3326,2014-10-08,13306.511999999999,Gold
3327,3327,2014-10-07,13556.37843,Gold
3328,3328,2014-10-06,13530.12375,Gold
3329,3329,2014-10-03,13525.747440000001,Gold
3330,3330,2014-10-02,13580.827,Gold
3331,3331,2014-10-01,13684.2909,Gold
3332,3332,2014-09-30,13660.4925,Gold
3333,3333,2014-09-29,13732.79125,Gold
3334,3334,2014-09-26,14319.70605,Gold
3335,3335,2014-09-25,13684.52296,Gold
3336,3336,2014-09-24,13560.824519999998,Gold
3337,3337,2014-09-23,13643.454,Gold
3338,3338,2014-09-22,13595.3064,Gold
3339,3339,2014-09-19,13464.91635,Gold
3340,3340,2014-09-18,13578.91745,Gold
3341,3341,2014-09-17,13611.1116,Gold
3342,3342,2014-09-16,13466.768,Gold
3343,3343,2014-09-15,13524.820319999999,Gold
3344,3344,2014-09-12,13557.1877,Gold
3345,3345,2014-09-11,13565.6162,Gold
3346,3346,2014-09-10,13588.34625,Gold
3347,3347,2014-09-09,13621.9134,Gold
3348,3348,2014-09-08,13538.55525,Gold
3349,3349,2014-09-05,13536.21204,Gold
3350,3350,2014-09-04,13576.041119999998,Gold
3351,3351,2014-09-03,13560.09985,Gold
3352,3352,2014-09-02,13572.138,Gold
3353,3353,2014-09-01,13744.2824,Gold
3354,3354,2014-08-31,,Gold
3355,3355,2014-08-29,13712.4141,Gold
3356,3356,2014-08-28,13689.731230000001,Gold
3357,3357,2014-08-27,13600.31805,Gold
3358,3358,2014-08-26,13710.3421,Gold
3359,3359,2014-08-25,13676.0511,Gold
3360,3360,2014-08-22,13675.522019999999,Gold
3361,3361,2014-08-21,13638.14275,Gold
3362,3362,2014-08-20,13885.2957,Gold
3363,3363,2014-08-19,13789.447740000001,Gold
3364,3364,2014-08-18,13760.16195,Gold
3365,3365,2014-08-15,13818.5685,Gold
3366,3366,2014-08-14,13860.068319999998,Gold
3367,3367,2014-08-13,13876.033440000001,Gold
3368,3368,2014-08-12,13908.486719999999,Gold
3369,3369,2014-08-11,13906.86885,Gold
3370,3370,2014-08-08,13951.5651,Gold
3371,3371,2014-08-07,14114.301159999999,Gold
3372,3372,2014-08-06,13981.69,Gold
3373,3373,2014-08-05,13788.6192,Gold
3374,3374,2014-08-04,13721.98874,Gold
3375,3375,2014-08-01,13813.96632,Gold
3376,3376,2014-07-31,13718.23845,Gold
3377,3377,2014-07-30,13817.8779,Gold
3378,3378,2014-07-29,13764.187109999999,Gold
3379,3379,2014-07-28,13767.018559999999,Gold
3380,3380,2014-07-25,13698.83875,Gold
3381,3381,2014-07-24,13586.1462,Gold
3382,3382,2014-07-23,13708.33825,Gold
3383,3383,2014-07-22,13804.1709,Gold
3384,3384,2014-07-21,13929.423840000001,Gold
3385,3385,2014-07-18,13938.13596,Gold
3386,3386,2014-07-17,14170.3254,Gold
3387,3387,2014-07-16,13879.338119999999,Gold
3388,3388,2014-07-15,13892.3928,Gold
3389,3389,2014-07-14,13950.36959,Gold
3390,3390,2014-07-11,14324.618,Gold
3391,3391,2014-07-10,14316.191669999998,Gold
3392,3392,2014-07-09,14123.6222,Gold
3393,3393,2014-07-08,14060.802,Gold
3394,3394,2014-07-07,14190.2902,Gold
3395,3395,2014-07-04,14223.13385,Gold
3396,3396,2014-07-03,14189.0184,Gold
3397,3397,2014-07-02,14317.267440000001,Gold
3398,3398,2014-07-01,14152.55536,Gold
3399,3399,2014-06-30,14061.3084,Gold
3400,3400,2014-06-27,13966.891000000001,Gold
3401,3401,2014-06-26,13990.80105,Gold
3402,3402,2014-06-25,14006.99014,Gold
3403,3403,2014-06-24,14056.62153,Gold
3404,3404,2014-06-23,13970.8,Gold
3405,3405,2014-06-20,14011.6071,Gold
3406,3406,2014-06-19,14119.6476,Gold
3407,3407,2014-06-18,13554.241000000002,Gold
3408,3408,2014-06-17,13785.228000000001,Gold
3409,3409,2014-06-16,13708.23476,Gold
3410,3410,2014-06-13,13588.46845,Gold
3411,3411,2014-06-12,13590.5856,Gold
3412,3412,2014-06-11,13560.5344,Gold
3413,3413,2014-06-10,13483.6394,Gold
3414,3414,2014-06-09,13343.5075,Gold
3415,3415,2014-06-06,13256.23312,Gold
3416,3416,2014-06-05,13390.811000000002,Gold
3417,3417,2014-06-04,13396.014,Gold
3418,3418,2014-06-03,13390.53445,Gold
3419,3419,2014-06-02,13288.9345,Gold
3420,3420,2014-05-30,13167.2376,Gold
3421,3421,2014-05-29,13086.8771,Gold
3422,3422,2014-05-28,13175.30032,Gold
3423,3423,2014-05-27,13227.60582,Gold
3424,3424,2014-05-26,13387.715,Gold
3425,3425,2014-05-25,,Gold
3426,3426,2014-05-23,13300.63848,Gold
3427,3427,2014-05-22,13373.07975,Gold
3428,3428,2014-05-21,13355.1432,Gold
3429,3429,2014-05-20,13527.525,Gold
3430,3430,2014-05-19,13395.61665,Gold
3431,3431,2014-05-16,13392.1215,Gold
3432,3432,2014-05-15,13460.4197,Gold
3433,3433,2014-05-14,13436.9587,Gold
3434,3434,2014-05-13,13346.0314,Gold
3435,3435,2014-05-12,13419.8248,Gold
3436,3436,2014-05-09,13328.7042,Gold
3437,3437,2014-05-08,13306.5664,Gold
3438,3438,2014-05-07,13469.7358,Gold
3439,3439,2014-05-06,13737.15,Gold
3440,3440,2014-05-05,13805.3685,Gold
3441,3441,2014-05-02,13651.248,Gold
3442,3442,2014-05-01,13454.5866,Gold
3443,3443,2014-04-30,13633.5988,Gold
3444,3444,2014-04-29,13697.423999999999,Gold
3445,3445,2014-04-28,13809.385240000001,Gold
3446,3446,2014-04-25,13876.387880000002,Gold
3447,3447,2014-04-24,13680.5905,Gold
3448,3448,2014-04-23,13613.8042,Gold
3449,3449,2014-04-22,13518.6539,Gold
3450,3450,2014-04-21,13516.4008,Gold
3451,3451,2014-04-17,13561.298999999999,Gold
3452,3452,2014-04-16,13768.5546,Gold
3453,3453,2014-04-15,13733.85,Gold
3454,3454,2014-04-14,13949.13744,Gold
3455,3455,2014-04-11,13837.1191,Gold
3456,3456,2014-04-10,13826.7274,Gold
3457,3457,2014-04-09,13548.479,Gold
3458,3458,2014-04-08,13695.5455,Gold
3459,3459,2014-04-07,13666.642,Gold
3460,3460,2014-04-04,13761.792,Gold
3461,3461,2014-04-03,13667.3004,Gold
3462,3462,2014-04-02,13692.85025,Gold
3463,3463,2014-04-01,13541.367,Gold
3464,3464,2014-03-31,13517.4105,Gold
3465,3465,2014-03-28,13683.2288,Gold
3466,3466,2014-03-27,13697.66706,Gold
3467,3467,2014-03-26,13956.8072,Gold
3468,3468,2014-03-25,14081.8132,Gold
3469,3469,2014-03-24,14200.296,Gold
3470,3470,2014-03-21,14557.056,Gold
3471,3471,2014-03-20,14487.8145,Gold
3472,3472,2014-03-19,14582.3594,Gold
3473,3473,2014-03-18,14584.788,Gold
3474,3474,2014-03-17,14794.3704,Gold
3475,3475,2014-03-14,14724.962,Gold
3476,3476,2014-03-13,14829.3654,Gold
3477,3477,2014-03-12,14804.44714,Gold
3478,3478,2014-03-11,14616.2575,Gold
3479,3479,2014-03-10,14420.318280000001,Gold
3480,3480,2014-03-07,14363.1654,Gold
3481,3481,2014-03-06,14329.3717,Gold
3482,3482,2014-03-05,14293.233,Gold
3483,3483,2014-03-04,14388.038999999999,Gold
3484,3484,2014-03-03,14710.6896,Gold
3485,3485,2014-02-28,14216.546180000001,Gold
3486,3486,2014-02-27,14250.7832,Gold
3487,3487,2014-02-26,14372.4522,Gold
3488,3488,2014-02-25,14407.704,Gold
3489,3489,2014-02-24,14445.6102,Gold
3490,3490,2014-02-21,14477.50845,Gold
3491,3491,2014-02-20,14497.3197,Gold
3492,3492,2014-02-19,14579.423999999999,Gold
3493,3493,2014-02-18,14406.1125,Gold
3494,3494,2014-02-17,14381.0125,Gold
3495,3495,2014-02-14,14312.8647,Gold
3496,3496,2014-02-13,14261.74688,Gold
3497,3497,2014-02-12,14254.12885,Gold
3498,3498,2014-02-11,14148.5267,Gold
3499,3499,2014-02-10,14203.8216,Gold
3500,3500,2014-02-07,13977.1512,Gold
3501,3501,2014-02-06,13875.7296,Gold
3502,3502,2014-02-05,14000.0355,Gold
3503,3503,2014-02-04,13892.6183,Gold
3504,3504,2014-02-03,14217.312,Gold
3505,3505,2014-01-31,13792.64022,Gold
3506,3506,2014-01-30,13925.6831,Gold
3507,3507,2014-01-29,14285.5796,Gold
3508,3508,2014-01-28,13791.6495,Gold
3509,3509,2014-01-27,14046.1776,Gold
3510,3510,2014-01-24,14018.87925,Gold
3511,3511,2014-01-23,13879.1305,Gold
3512,3512,2014-01-22,13474.125,Gold
3513,3513,2014-01-21,13450.3821,Gold
3514,3514,2014-01-20,13622.8554,Gold
3515,3515,2014-01-17,13600.9722,Gold
3516,3516,2014-01-16,13498.64,Gold
3517,3517,2014-01-15,13472.013719999999,Gold
3518,3518,2014-01-14,13490.870359999999,Gold
3519,3519,2014-01-13,13540.9925,Gold
3520,3520,2014-01-10,13269.62546,Gold
3521,3521,2014-01-09,13273.9814,Gold
3522,3522,2014-01-08,13197.7063,Gold
3523,3523,2014-01-07,13088.1924,Gold
3524,3524,2014-01-06,13182.57,Gold
3525,3525,2014-01-03,13214.71872,Gold
3526,3526,2014-01-02,13087.9,Gold
3527,3527,2014-01-01,12662.726999999999,Gold
3528,3528,2013-12-31,12616.3443,Gold
3529,3529,2013-12-30,12537.5051,Gold
3530,3530,2013-12-27,12805.533000000001,Gold
3531,3531,2013-12-26,12576.25485,Gold
3532,3532,2013-12-24,12448.683,Gold
3533,3533,2013-12-23,12397.448,Gold
3534,3534,2013-12-20,12479.41305,Gold
3535,3535,2013-12-19,12415.2135,Gold
3536,3536,2013-12-18,12787.4545,Gold
3537,3537,2013-12-17,12715.8336,Gold
3538,3538,2013-12-16,12808.09925,Gold
3539,3539,2013-12-13,12719.0601,Gold
3540,3540,2013-12-12,12734.462,Gold
3541,3541,2013-12-11,13058.82525,Gold
3542,3542,2013-12-10,13079.7264,Gold
3543,3543,2013-12-09,12838.10231,Gold
3544,3544,2013-12-06,12698.295390000001,Gold
3545,3545,2013-12-05,12886.94,Gold
3546,3546,2013-12-04,13024.966999999999,Gold
3547,3547,2013-12-03,12621.3827,Gold
3548,3548,2013-12-02,12559.1325,Gold
3549,3549,2013-11-29,12724.855,Gold
3550,3550,2013-11-28,12694.09842,Gold
3551,3551,2013-11-27,12668.75922,Gold
3552,3552,2013-11-26,12576.74754,Gold
3553,3553,2013-11-25,12530.1456,Gold
3554,3554,2013-11-22,12526.458,Gold
3555,3555,2013-11-21,12594.168,Gold
3556,3556,2013-11-20,12767.181840000001,Gold
3557,3557,2013-11-19,12967.0322,Gold
3558,3558,2013-11-18,12906.469,Gold
3559,3559,2013-11-15,13079.99784,Gold
3560,3560,2013-11-14,13110.622459999999,Gold
3561,3561,2013-11-13,13036.8557,Gold
3562,3562,2013-11-12,13181.306999999999,Gold
3563,3563,2013-11-11,13269.878999999999,Gold
3564,3564,2013-11-08,13280.4455,Gold
3565,3565,2013-11-07,13477.8284,Gold
3566,3566,2013-11-06,13532.778999999999,Gold
3567,3567,2013-11-05,13399.152,Gold
3568,3568,2013-11-04,13317.818220000001,Gold
3569,3569,2013-11-01,13380.489,Gold
3570,3570,2013-10-31,13302.04764,Gold
3571,3571,2013-10-30,13417.153999999999,Gold
3572,3572,2013-10-29,13306.449359999999,Gold
3573,3573,2013-10-28,13288.4024,Gold
3574,3574,2013-10-25,13290.0348,Gold
3575,3575,2013-10-24,13170.5259,Gold
3576,3576,2013-10-23,13063.94982,Gold
3577,3577,2013-10-22,13072.59375,Gold
3578,3578,2013-10-21,12949.77725,Gold
3579,3579,2013-10-18,12867.976,Gold
3580,3580,2013-10-17,12995.924309999999,Gold
3581,3581,2013-10-16,12646.6736,Gold
3582,3582,2013-10-15,12702.1213,Gold
3583,3583,2013-10-14,12655.506000000001,Gold
3584,3584,2013-10-11,12545.591999999999,Gold
3585,3585,2013-10-10,12845.4162,Gold
3586,3586,2013-10-09,13018.0309,Gold
3587,3587,2013-10-08,13238.0274,Gold
3588,3588,2013-10-07,13254.624,Gold
3589,3589,2013-10-04,13075.78286,Gold
3590,3590,2013-10-03,13220.108999999999,Gold
3591,3591,2013-10-02,13231.487579999999,Gold
3592,3592,2013-10-01,13016.892,Gold
3593,3593,2013-09-30,13301.74405,Gold
3594,3594,2013-09-27,13508.4712,Gold
3595,3595,2013-09-26,13224.0876,Gold
3596,3596,2013-09-25,13347.110490000001,Gold
3597,3597,2013-09-24,12991.1572,Gold
3598,3598,2013-09-23,13061.738220000001,Gold
3599,3599,2013-09-20,13165.8995,Gold
3600,3600,2013-09-19,13290.7117,Gold
3601,3601,2013-09-18,12539.1864,Gold
3602,3602,2013-09-17,12838.0761,Gold
3603,3603,2013-09-16,12928.99437,Gold
3604,3604,2013-09-13,12998.56148,Gold
3605,3605,2013-09-12,13265.152320000001,Gold
3606,3606,2013-09-11,13461.01105,Gold
3607,3607,2013-09-10,13618.49235,Gold
3608,3608,2013-09-09,13806.9808,Gold
3609,3609,2013-09-06,13887.8005,Gold
3610,3610,2013-09-05,14057.7978,Gold
3611,3611,2013-09-04,14238.1356,Gold
3612,3612,2013-09-03,14593.02,Gold
3613,3613,2013-09-02,14329.32655,Gold
3614,3614,2013-08-30,14351.908000000001,Gold
3615,3615,2013-08-29,14641.8827,Gold
3616,3616,2013-08-28,14630.1738,Gold
3617,3617,2013-08-27,14749.23744,Gold
3618,3618,2013-08-26,14385.511,Gold
3619,3619,2013-08-23,14292.66585,Gold
3620,3620,2013-08-22,14098.6784,Gold
3621,3621,2013-08-21,14241.35636,Gold
3622,3622,2013-08-20,13950.696000000002,Gold
3623,3623,2013-08-19,13943.4372,Gold
3624,3624,2013-08-16,13840.59017,Gold
3625,3625,2013-08-15,13604.154080000002,Gold
3626,3626,2013-08-14,13303.315,Gold
3627,3627,2013-08-13,13208.0364,Gold
3628,3628,2013-08-12,13196.84625,Gold
3629,3629,2013-08-09,12887.82027,Gold
3630,3630,2013-08-08,12933.59439,Gold
3631,3631,2013-08-07,12810.97071,Gold
3632,3632,2013-08-06,12748.33536,Gold
3633,3633,2013-08-05,12822.1431,Gold
3634,3634,2013-08-02,12889.751,Gold
3635,3635,2013-08-01,13077.225,Gold
3636,3636,2013-07-31,12950.7632,Gold
3637,3637,2013-07-30,12975.5972,Gold
3638,3638,2013-07-29,13010.61528,Gold
3639,3639,2013-07-26,12926.226,Gold
3640,3640,2013-07-25,12917.88,Gold
3641,3641,2013-07-24,12913.2645,Gold
3642,3642,2013-07-23,12927.10575,Gold
3643,3643,2013-07-22,13122.64616,Gold
3644,3644,2013-07-19,12765.51765,Gold
3645,3645,2013-07-18,12757.23414,Gold
3646,3646,2013-07-17,12556.6454,Gold
3647,3647,2013-07-16,12726.6426,Gold
3648,3648,2013-07-15,12672.64656,Gold
3649,3649,2013-07-12,12756.78852,Gold
3650,3650,2013-07-11,12788.198999999999,Gold
3651,3651,2013-07-10,12454.0416,Gold
3652,3652,2013-07-09,12487.6557,Gold
3653,3653,2013-07-08,12555.2283,Gold
3654,3654,2013-07-05,12378.8574,Gold
3655,3655,2013-07-04,12517.8879,Gold
3656,3656,2013-07-03,12633.688999999998,Gold
3657,3657,2013-07-02,12434.7564,Gold
3658,3658,2013-07-01,12479.25035,Gold
3659,3659,2013-06-28,12091.143999999998,Gold
3660,3660,2013-06-27,12044.9502,Gold
3661,3661,2013-06-26,12431.256000000001,Gold
3662,3662,2013-06-25,12875.48,Gold
3663,3663,2013-06-24,12858.26976,Gold
3664,3664,2013-06-21,13122.78516,Gold
3665,3665,2013-06-20,13133.79683,Gold
3666,3666,2013-06-19,13983.79744,Gold
3667,3667,2013-06-18,13653.7006,Gold
3668,3668,2013-06-17,13793.43,Gold
3669,3669,2013-06-14,13796.6985,Gold
3670,3670,2013-06-13,13568.257919999998,Gold
3671,3671,2013-06-12,14089.60894,Gold
3672,3672,2013-06-11,13867.2162,Gold
3673,3673,2013-06-10,14114.2884,Gold
3674,3674,2013-06-07,13778.9673,Gold
3675,3675,2013-06-06,13962.62439,Gold
3676,3676,2013-06-05,13994.76768,Gold
3677,3677,2013-06-04,13727.20605,Gold
3678,3678,2013-06-03,13859.36475,Gold
3679,3679,2013-05-31,14053.4229,Gold
3680,3680,2013-05-30,14175.9768,Gold
3681,3681,2013-05-29,13673.27901,Gold
3682,3682,2013-05-28,13489.52874,Gold
3683,3683,2013-05-27,13400.28243,Gold
3684,3684,2013-05-24,13280.274159999999,Gold
3685,3685,2013-05-23,13262.6976,Gold
3686,3686,2013-05-22,13091.351,Gold
3687,3687,2013-05-21,13149.17208,Gold
3688,3688,2013-05-20,13068.20729,Gold
3689,3689,2013-05-17,12835.65609,Gold
3690,3690,2013-05-16,12929.436520000001,Gold
3691,3691,2013-05-15,12928.09875,Gold
3692,3692,2013-05-14,13160.66625,Gold
3693,3693,2013-05-13,13139.58965,Gold
3694,3694,2013-05-10,13108.07008,Gold
3695,3695,2013-05-09,13260.032640000001,Gold
3696,3696,2013-05-08,13273.50123,Gold
3697,3697,2013-05-07,13084.9047,Gold
3698,3698,2013-05-06,13211.4319,Gold
3699,3699,2013-05-03,13047.20586,Gold
3700,3700,2013-05-02,13132.9796,Gold
3701,3701,2013-05-01,13050.398790000001,Gold
3702,3702,2013-04-30,13202.984040000001,Gold
3703,3703,2013-04-29,13195.5945,Gold
3704,3704,2013-04-26,13231.83008,Gold
3705,3705,2013-04-25,13296.09426,Gold
3706,3706,2013-04-24,13002.758999999998,Gold
3707,3707,2013-04-23,12965.4587,Gold
3708,3708,2013-04-22,13126.0612,Gold
3709,3709,2013-04-19,12872.20062,Gold
3710,3710,2013-04-18,12794.1504,Gold
3711,3711,2013-04-17,12681.685,Gold
3712,3712,2013-04-16,12655.2434,Gold
3713,3713,2013-04-15,12523.370579999999,Gold
3714,3714,2013-04-12,13424.4937,Gold
3715,3715,2013-04-11,13915.38708,Gold
3716,3716,2013-04-10,13877.128990000001,Gold
3717,3717,2013-04-09,14158.26258,Gold
3718,3718,2013-04-08,14131.9656,Gold
3719,3719,2013-04-05,14332.2015,Gold
3720,3720,2013-04-04,14225.66096,Gold
3721,3721,2013-04-03,14328.462,Gold
3722,3722,2013-04-02,14574.085280000001,Gold
3723,3723,2013-04-01,14709.12,Gold
3724,3724,2013-03-28,14686.5132,Gold
3725,3725,2013-03-27,14877.4275,Gold
3726,3726,2013-03-26,14756.68176,Gold
3727,3727,2013-03-25,14913.1524,Gold
3728,3728,2013-03-22,14938.4631,Gold
3729,3729,2013-03-21,15049.4919,Gold
3730,3730,2013-03-20,15000.06475,Gold
3731,3731,2013-03-19,14898.0798,Gold
3732,3732,2013-03-18,14716.909819999999,Gold
3733,3733,2013-03-15,14628.22725,Gold
3734,3734,2013-03-14,14595.3456,Gold
3735,3735,2013-03-13,14709.405130000001,Gold
3736,3736,2013-03-12,14593.25925,Gold
3737,3737,2013-03-11,14343.937580000002,Gold
3738,3738,2013-03-08,14330.03272,Gold
3739,3739,2013-03-07,14400.28616,Gold
3740,3740,2013-03-06,14367.4377,Gold
3741,3741,2013-03-05,14226.511,Gold
3742,3742,2013-03-04,14271.5238,Gold
3743,3743,2013-03-01,14248.015980000002,Gold
3744,3744,2013-02-28,14238.7425,Gold
3745,3745,2013-02-27,14069.823519999998,Gold
3746,3746,2013-02-26,14250.101999999999,Gold
3747,3747,2013-02-25,14061.98024,Gold
3748,3748,2013-02-22,13939.326000000001,Gold
3749,3749,2013-02-21,14044.086159999999,Gold
3750,3750,2013-02-20,14058.62464,Gold
3751,3751,2013-02-19,14196.6708,Gold
3752,3752,2013-02-15,14245.923999999999,Gold
3753,3753,2013-02-14,14364.92625,Gold
3754,3754,2013-02-13,14574.1888,Gold
3755,3755,2013-02-12,14701.78764,Gold
3756,3756,2013-02-11,14685.95646,Gold
3757,3757,2013-02-08,14797.9118,Gold
3758,3758,2013-02-07,14885.435519999999,Gold
3759,3759,2013-02-06,14939.58296,Gold
3760,3760,2013-02-05,14792.21076,Gold
3761,3761,2013-02-04,14937.30986,Gold
3762,3762,2013-02-01,14757.496000000001,Gold
3763,3763,2013-01-31,14873.32996,Gold
3764,3764,2013-01-30,15185.79203,Gold
3765,3765,2013-01-29,14989.4782,Gold
3766,3766,2013-01-28,15039.3186,Gold
3767,3767,2013-01-25,14816.498,Gold
3768,3768,2013-01-24,15100.6275,Gold
3769,3769,2013-01-23,15282.9369,Gold
3770,3770,2013-01-22,14989.574719999999,Gold
3771,3771,2013-01-18,14977.8513,Gold
3772,3772,2013-01-17,14880.760240000001,Gold
3773,3773,2013-01-16,14802.880169999999,Gold
3774,3774,2013-01-15,14847.588,Gold
3775,3775,2013-01-14,14519.43,Gold
3776,3776,2013-01-11,14475.2,Gold
3777,3777,2013-01-10,14508.30954,Gold
3778,3778,2013-01-09,14221.3512,Gold
3779,3779,2013-01-08,14255.67,Gold
3780,3780,2013-01-07,14099.79585,Gold
3781,3781,2013-01-04,14120.261559999999,Gold
3782,3782,2013-01-03,14379.59355,Gold
3783,3783,2013-01-02,14329.089469999999,Gold
3784,3784,2012-12-31,14164.45352,Gold
3785,3785,2012-12-28,14033.552,Gold
3786,3786,2012-12-27,14095.024019999999,Gold
3787,3787,2012-12-26,14226.1458,Gold
3788,3788,2012-12-24,14232.77832,Gold
3789,3789,2012-12-21,14249.18035,Gold
3790,3790,2012-12-20,13940.5275,Gold
3791,3791,2012-12-19,14138.586000000001,Gold
3792,3792,2012-12-18,15067.2415,Gold
3793,3793,2012-12-17,14496.6225,Gold
3794,3794,2012-12-14,14611.0128,Gold
3795,3795,2012-12-13,14688.643680000001,Gold
3796,3796,2012-12-12,14852.709840000001,Gold
3797,3797,2012-12-11,14790.96216,Gold
3798,3798,2012-12-10,14850.8535,Gold
3799,3799,2012-12-07,14747.6088,Gold
3800,3800,2012-12-06,14758.26394,Gold
3801,3801,2012-12-05,14844.209640000001,Gold
3802,3802,2012-12-04,14905.975680000001,Gold
3803,3803,2012-12-03,15255.775319999999,Gold
3804,3804,2012-11-30,15233.169240000001,Gold
3805,3805,2012-11-29,15177.42456,Gold
3806,3806,2012-11-28,15130.2609,Gold
3807,3807,2012-11-27,15394.42764,Gold
3808,3808,2012-11-26,15515.44075,Gold
3809,3809,2012-11-23,15546.2901,Gold
3810,3810,2012-11-21,15468.85196,Gold
3811,3811,2012-11-20,15236.36208,Gold
3812,3812,2012-11-19,15308.2722,Gold
3813,3813,2012-11-16,15217.155380000002,Gold
3814,3814,2012-11-15,15295.48575,Gold
3815,3815,2012-11-14,15430.08015,Gold
3816,3816,2012-11-13,15171.75306,Gold
3817,3817,2012-11-12,15140.125,Gold
3818,3818,2012-11-09,15070.04785,Gold
3819,3819,2012-11-08,15052.04452,Gold
3820,3820,2012-11-07,14787.999759999999,Gold
3821,3821,2012-11-06,14787.026469999999,Gold
3822,3822,2012-11-05,14675.34458,Gold
3823,3823,2012-11-02,14681.857,Gold
3824,3824,2012-11-01,14813.93784,Gold
3825,3825,2012-10-31,14893.98825,Gold
3826,3826,2012-10-30,14795.825,Gold
3827,3827,2012-10-29,14819.07906,Gold
3828,3828,2012-10-26,14787.479790000001,Gold
3829,3829,2012-10-25,14967.3312,Gold
3830,3830,2012-10-24,14937.02195,Gold
3831,3831,2012-10-23,14974.61614,Gold
3832,3832,2012-10-22,14906.071569999998,Gold
3833,3833,2012-10-19,15994.63804,Gold
3834,3834,2012-10-18,15081.811290000001,Gold
3835,3835,2012-10-17,15069.03025,Gold
3836,3836,2012-10-16,15170.68991,Gold
3837,3837,2012-10-15,16336.36062,Gold
3838,3838,2012-10-12,15349.976999999999,Gold
3839,3839,2012-10-11,15319.930559999999,Gold
3840,3840,2012-10-10,15420.41824,Gold
3841,3841,2012-10-09,15435.065,Gold
3842,3842,2012-10-08,15775.2825,Gold
3843,3843,2012-10-05,15614.685119999998,Gold
3844,3844,2012-10-04,15285.732,Gold
3845,3845,2012-10-03,14989.392740000001,Gold
3846,3846,2012-10-02,14827.04007,Gold
3847,3847,2012-10-01,14925.04125,Gold
3848,3848,2012-09-28,14719.789209999999,Gold
3849,3849,2012-09-27,14632.49216,Gold
3850,3850,2012-09-26,15414.79,Gold
3851,3851,2012-09-25,14503.021880000002,Gold
3852,3852,2012-09-24,15517.0962,Gold
3853,3853,2012-09-21,14695.8135,Gold
3854,3854,2012-09-20,15700.0012,Gold
3855,3855,2012-09-19,15673.457419999999,Gold
3856,3856,2012-09-18,14464.98148,Gold
3857,3857,2012-09-17,14610.0405,Gold
3858,3858,2012-09-14,14521.208999999999,Gold
3859,3859,2012-09-13,14574.02271,Gold
3860,3860,2012-09-12,14423.6857,Gold
3861,3861,2012-09-11,14167.8558,Gold
3862,3862,2012-09-10,14160.300309999999,Gold
3863,3863,2012-09-07,14196.93875,Gold
3864,3864,2012-09-06,14141.455080000002,Gold
3865,3865,2012-09-05,14223.855,Gold
3866,3866,2012-09-04,14246.261369999998,Gold
3867,3867,2012-08-31,14150.64,Gold
3868,3868,2012-08-30,14013.0818,Gold
3869,3869,2012-08-29,13954.602519999999,Gold
3870,3870,2012-08-28,14019.9312,Gold
3871,3871,2012-08-27,14125.9266,Gold
3872,3872,2012-08-24,14028.8247,Gold
3873,3873,2012-08-23,13886.564080000002,Gold
3874,3874,2012-08-22,13487.59128,Gold
3875,3875,2012-08-21,13552.78956,Gold
3876,3876,2012-08-20,13503.371490000001,Gold
3877,3877,2012-08-17,13471.05235,Gold
3878,3878,2012-08-16,13278.68565,Gold
3879,3879,2012-08-15,13214.16726,Gold
3880,3880,2012-08-14,13109.00228,Gold
3881,3881,2012-08-13,13117.27424,Gold
3882,3882,2012-08-10,13135.767,Gold
3883,3883,2012-08-09,13072.474690000001,Gold
3884,3884,2012-08-08,13040.2965,Gold
3885,3885,2012-08-07,13157.20489,Gold
3886,3886,2012-08-06,13169.3285,Gold
3887,3887,2012-08-03,13088.9,Gold
3888,3888,2012-08-02,13250.98024,Gold
3889,3889,2012-08-01,13394.90425,Gold
3890,3890,2012-07-31,13300.7974,Gold
3891,3891,2012-07-30,13297.737,Gold
3892,3892,2012-07-27,13193.9745,Gold
3893,3893,2012-07-26,13303.5625,Gold
3894,3894,2012-07-25,13503.8232,Gold
3895,3895,2012-07-24,13422.792,Gold
3896,3896,2012-07-23,13343.05455,Gold
3897,3897,2012-07-20,13114.96875,Gold
3898,3898,2012-07-19,12904.99272,Gold
3899,3899,2012-07-18,12819.33224,Gold
3900,3900,2012-07-17,12981.993540000001,Gold
3901,3901,2012-07-16,13052.13624,Gold
3902,3902,2012-07-13,13156.1656,Gold
3903,3903,2012-07-12,13037.02541,Gold
3904,3904,2012-07-11,12967.67648,Gold
3905,3905,2012-07-10,12982.319790000001,Gold
3906,3906,2012-07-09,13053.20848,Gold
3907,3907,2012-07-06,13036.16344,Gold
3908,3908,2012-07-05,13100.46825,Gold
3909,3909,2012-07-03,13093.780929999999,Gold
3910,3910,2012-07-02,13031.874240000001,Gold
3911,3911,2012-06-29,13090.81365,Gold
3912,3912,2012-06-28,13031.4273,Gold
3913,3913,2012-06-27,13308.26325,Gold
3914,3914,2012-06-26,13274.6438,Gold
3915,3915,2012-06-25,13449.14125,Gold
3916,3916,2012-06-22,13162.23,Gold
3917,3917,2012-06-21,13111.7616,Gold
3918,3918,2012-06-20,13230.0564,Gold
3919,3919,2012-06-19,13302.52666,Gold
3920,3920,2012-06-18,13498.99995,Gold
3921,3921,2012-06-15,13588.8667,Gold
3922,3922,2012-06-14,13545.36064,Gold
3923,3923,2012-06-13,13579.58063,Gold
3924,3924,2012-06-12,13540.2292,Gold
3925,3925,2012-06-11,13516.91645,Gold
3926,3926,2012-06-08,13343.32415,Gold
3927,3927,2012-06-07,13298.72254,Gold
3928,3928,2012-06-06,13561.54696,Gold
3929,3929,2012-06-05,13618.07424,Gold
3930,3930,2012-06-04,13661.62158,Gold
3931,3931,2012-06-01,13908.7515,Gold
3932,3932,2012-05-31,13279.13106,Gold
3933,3933,2012-05-30,13346.27678,Gold
3934,3934,2012-05-29,12880.325640000001,Gold
3935,3935,2012-05-25,13185.764,Gold
3936,3936,2012-05-24,13031.797859999999,Gold
3937,3937,2012-05-23,13002.02747,Gold
3938,3938,2012-05-22,13158.16425,Gold
3939,3939,2012-05-21,13066.33724,Gold
3940,3940,2012-05-18,13275.05812,Gold
3941,3941,2012-05-17,13171.6372,Gold
3942,3942,2012-05-16,12769.201640000001,Gold
3943,3943,2012-05-15,12966.43152,Gold
3944,3944,2012-05-14,12798.012420000001,Gold
3945,3945,2012-05-11,12821.30068,Gold
3946,3946,2012-05-10,12816.6285,Gold
3947,3947,2012-05-09,12749.12189,Gold
3948,3948,2012-05-08,12669.8356,Gold
3949,3949,2012-05-07,12784.68492,Gold
3950,3950,2012-05-04,12877.507590000001,Gold
3951,3951,2012-05-03,12632.366000000002,Gold
3952,3952,2012-05-02,12789.8757,Gold
3953,3953,2012-05-01,12857.40375,Gold
3954,3954,2012-04-30,12917.63172,Gold
3955,3955,2012-04-27,12884.0192,Gold
3956,3956,2012-04-26,12906.21132,Gold
3957,3957,2012-04-25,12708.70364,Gold
3958,3958,2012-04-24,12790.755,Gold
3959,3959,2012-04-23,12795.23833,Gold
3960,3960,2012-04-20,12829.398879999999,Gold
3961,3961,2012-04-19,12882.8115,Gold
3962,3962,2012-04-18,12849.66692,Gold
3963,3963,2012-04-17,12876.135690000001,Gold
3964,3964,2012-04-16,13092.16183,Gold
3965,3965,2012-04-13,13192.66547,Gold
3966,3966,2012-04-12,13222.7035,Gold
3967,3967,2012-04-11,13247.4468,Gold
3968,3968,2012-04-10,13257.7455,Gold
3969,3969,2012-04-09,12956.04,Gold
3970,3970,2012-04-05,12756.6919,Gold
3971,3971,2012-04-04,12625.27638,Gold
3972,3972,2012-04-03,12932.146,Gold
3973,3973,2012-04-02,12831.1975,Gold
3974,3974,2012-03-30,12807.203459999999,Gold
3975,3975,2012-03-29,12742.75772,Gold
3976,3976,2012-03-28,12723.719340000001,Gold
3977,3977,2012-03-27,12806.83872,Gold
3978,3978,2012-03-26,12789.573999999999,Gold
3979,3979,2012-03-23,12768.62499,Gold
3980,3980,2012-03-22,12652.60766,Gold
3981,3981,2012-03-21,12621.675,Gold
3982,3982,2012-03-20,12533.69238,Gold
3983,3983,2012-03-19,12569.92621,Gold
3984,3984,2012-03-16,12535.94265,Gold
3985,3985,2012-03-15,12635.20787,Gold
3986,3986,2012-03-14,12645.44325,Gold
3987,3987,2012-03-13,12762.19887,Gold
3988,3988,2012-03-12,12840.0048,Gold
3989,3989,2012-03-09,12951.513,Gold
3990,3990,2012-03-08,12701.95781,Gold
3991,3991,2012-03-07,12785.50515,Gold
3992,3992,2012-03-06,12789.88708,Gold
3993,3993,2012-03-05,12868.5492,Gold
3994,3994,2012-03-02,12857.0112,Gold
3995,3995,2012-03-01,12807.73776,Gold
3996,3996,2012-02-29,12781.33151,Gold
3997,3997,2012-02-28,13379.268999999998,Gold
3998,3998,2012-02-27,13398.48384,Gold
3999,3999,2012-02-24,13483.304580000002,Gold
4000,4000,2012-02-23,13665.37289,Gold
4001,4001,2012-02-22,13675.551000000001,Gold
4002,4002,2012-02-21,13592.574180000001,Gold
4003,4003,2012-02-17,13350.90655,Gold
4004,4004,2012-02-16,13416.890640000001,Gold
4005,4005,2012-02-15,13404.374240000001,Gold
4006,4006,2012-02-14,13263.73541,Gold
4007,4007,2012-02-13,13260.0357,Gold
4008,4008,2012-02-10,13357.98762,Gold
4009,4009,2012-02-09,13207.3572,Gold
4010,4010,2012-02-08,13079.04176,Gold
4011,4011,2012-02-07,13216.23128,Gold
4012,4012,2012-02-06,13014.8926,Gold
4013,4013,2012-02-03,13072.13622,Gold
4014,4014,2012-02-02,13426.344,Gold
4015,4015,2012-02-01,13404.45004,Gold
4016,4016,2012-01-31,13565.093019999998,Gold
4017,4017,2012-01-30,13578.1371,Gold
4018,4018,2012-01-27,13441.192519999999,Gold
4019,4019,2012-01-26,13512.958509999999,Gold
4020,4020,2012-01-25,13383.715259999999,Gold
4021,4021,2012-01-24,13245.20138,Gold
4022,4022,2012-01-23,13323.32,Gold
4023,4023,2012-01-20,13229.7424,Gold
4024,4024,2012-01-19,13103.7802,Gold
4025,4025,2012-01-18,13204.9734,Gold
4026,4026,2012-01-17,13304.99416,Gold
4027,4027,2012-01-13,13262.81488,Gold
4028,4028,2012-01-12,13271.14299,Gold
4029,4029,2012-01-11,13260.96408,Gold
4030,4030,2012-01-10,13232.4661,Gold
4031,4031,2012-01-09,13121.701000000001,Gold
4032,4032,2012-01-06,13227.45528,Gold
4033,4033,2012-01-05,13256.73228,Gold
4034,4034,2012-01-04,13116.51387,Gold
4035,4035,2012-01-03,12891.02248,Gold
4036,4036,2011-12-30,12645.87054,Gold
4037,4037,2011-12-29,12585.75669,Gold
4038,4038,2011-12-28,12844.84994,Gold
4039,4039,2011-12-27,12978.22278,Gold
4040,4040,2011-12-23,13098.042809999999,Gold
4041,4041,2011-12-22,13169.16828,Gold
4042,4042,2011-12-21,13269.48318,Gold
4043,4043,2011-12-20,13254.543959999999,Gold
4044,4044,2011-12-19,13383.3936,Gold
4045,4045,2011-12-16,13403.04,Gold
4046,4046,2011-12-15,13222.546040000001,Gold
4047,4047,2011-12-14,13350.579240000001,Gold
4048,4048,2011-12-13,13886.7234,Gold
4049,4049,2011-12-12,13784.5686,Gold
4050,4050,2011-12-09,13864.088319999999,Gold
4051,4051,2011-12-08,14071.99596,Gold
4052,4052,2011-12-07,13962.54027,Gold
4053,4053,2011-12-06,13857.93079,Gold
4054,4054,2011-12-05,13916.21256,Gold
4055,4055,2011-12-02,14054.2656,Gold
4056,4056,2011-12-01,14024.6946,Gold
4057,4057,2011-11-30,14189.1695,Gold
4058,4058,2011-11-29,14290.78404,Gold
4059,4059,2011-11-28,14330.85836,Gold
4060,4060,2011-11-25,14396.8668,Gold
4061,4061,2011-11-23,14554.362669999999,Gold
4062,4062,2011-11-22,14287.92636,Gold
4063,4063,2011-11-21,13987.45569,Gold
4064,4064,2011-11-18,14141.332709999999,Gold
4065,4065,2011-11-17,14126.26522,Gold
4066,4066,2011-11-16,14540.37074,Gold
4067,4067,2011-11-15,14578.047569999999,Gold
4068,4068,2011-11-14,14241.778019999998,Gold
4069,4069,2011-11-11,14129.83,Gold
4070,4070,2011-11-10,14024.41326,Gold
4071,4071,2011-11-09,14421.22225,Gold
4072,4072,2011-11-08,14068.343680000002,Gold
4073,4073,2011-11-07,14206.92565,Gold
4074,4074,2011-11-04,13872.66249,Gold
4075,4075,2011-11-03,13861.495819999998,Gold
4076,4076,2011-11-02,13852.245969999998,Gold
4077,4077,2011-11-01,13873.8146,Gold
4078,4078,2011-10-31,13721.700859999999,Gold
4079,4079,2011-10-28,13503.539219999999,Gold
4080,4080,2011-10-27,13479.2839,Gold
4081,4081,2011-10-26,13673.0699,Gold
4082,4082,2011-10-25,13453.1838,Gold
4083,4083,2011-10-24,12998.2959,Gold
4084,4084,2011-10-21,13161.08341,Gold
4085,4085,2011-10-20,13151.00853,Gold
4086,4086,2011-10-19,13240.423999999999,Gold
4087,4087,2011-10-18,13173.79403,Gold
4088,4088,2011-10-17,13369.8198,Gold
4089,4089,2011-10-14,13167.6531,Gold
4090,4090,2011-10-13,13148.99472,Gold
4091,4091,2011-10-12,13157.51754,Gold
4092,4092,2011-10-11,13177.35412,Gold
4093,4093,2011-10-10,13094.17192,Gold
4094,4094,2011-10-07,13080.2497,Gold
4095,4095,2011-10-06,13100.39295,Gold
4096,4096,2011-10-05,13082.54071,Gold
4097,4097,2011-10-04,13117.01545,Gold
4098,4098,2011-10-03,13740.66,Gold
4099,4099,2011-09-30,13121.188999999998,Gold
4100,4100,2011-09-29,12900.4137,Gold
4101,4101,2011-09-28,12848.13033,Gold
4102,4102,2011-09-27,12992.03766,Gold
4103,4103,2011-09-26,12812.9365,Gold
4104,4104,2011-09-23,13297.97375,Gold
4105,4105,2011-09-22,14577.626559999999,Gold
4106,4106,2011-09-21,14921.91585,Gold
4107,4107,2011-09-20,13961.4048,Gold
4108,4108,2011-09-19,13710.96576,Gold
4109,4109,2011-09-16,13536.749419999998,Gold
4110,4110,2011-09-15,13143.115,Gold
4111,4111,2011-09-14,13495.3588,Gold
4112,4112,2011-09-13,13330.524959999999,Gold
4113,4113,2011-09-12,13388.73525,Gold
4114,4114,2011-09-09,13523.68836,Gold
4115,4115,2011-09-08,13306.61808,Gold
4116,4116,2011-09-07,12930.7105,Gold
4117,4117,2011-09-06,13391.28885,Gold
4118,4118,2011-09-02,13230.570440000001,Gold
4119,4119,2011-09-01,12760.4532,Gold
4120,4120,2011-08-31,12801.87705,Gold
4121,4121,2011-08-30,12929.199929999999,Gold
4122,4122,2011-08-29,12600.70872,Gold
4123,4123,2011-08-26,12826.20031,Gold
4124,4124,2011-08-25,12730.04124,Gold
4125,4125,2011-08-24,12743.18568,Gold
4126,4126,2011-08-23,13328.099259999999,Gold
4127,4127,2011-08-22,13620.737790000001,Gold
4128,4128,2011-08-19,13267.33662,Gold
4129,4129,2011-08-18,13121.726490000001,Gold
4130,4130,2011-08-17,12700.32448,Gold
4131,4131,2011-08-16,12746.29888,Gold
4132,4132,2011-08-15,12433.67985,Gold
4133,4133,2011-08-12,12497.420320000001,Gold
4134,4134,2011-08-11,12582.26624,Gold
4135,4135,2011-08-10,12967.507740000001,Gold
4136,4136,2011-08-09,12378.36,Gold
4137,4137,2011-08-08,12323.53018,Gold
4138,4138,2011-08-05,11418.26976,Gold
4139,4139,2011-08-04,11491.37808,Gold
4140,4140,2011-08-03,11183.8699,Gold
4141,4141,2011-08-02,11144.06787,Gold
4142,4142,2011-08-01,10888.0988,Gold
4143,4143,2011-07-29,10891.86153,Gold
4144,4144,2011-07-28,10868.18508,Gold
4145,4145,2011-07-27,10784.001,Gold
4146,4146,2011-07-26,10796.624759999999,Gold
4147,4147,2011-07-25,10912.434,Gold
4148,4148,2011-07-22,10844.80425,Gold
4149,4149,2011-07-21,10746.603000000001,Gold
4150,4150,2011-07-20,10955.11837,Gold
4151,4151,2011-07-19,11074.38584,Gold
4152,4152,2011-07-18,11165.83595,Gold
4153,4153,2011-07-15,10949.270559999999,Gold
4154,4154,2011-07-14,10868.4422,Gold
4155,4155,2011-07-13,10760.65464,Gold
4156,4156,2011-07-12,10710.26068,Gold
4157,4157,2011-07-11,10586.8224,Gold
4158,4158,2011-07-08,10338.83196,Gold
4159,4159,2011-07-07,10217.45144,Gold
4160,4160,2011-07-06,10302.82652,Gold
4161,4161,2011-07-05,10207.72254,Gold
4162,4162,2011-07-01,9979.436520000001,Gold
4163,4163,2011-06-30,10173.124909999999,Gold
4164,4164,2011-06-29,10260.374459999999,Gold
4165,4165,2011-06-28,10273.84482,Gold
4166,4166,2011-06-27,10279.1656,Gold
4167,4167,2011-06-24,10338.59505,Gold
4168,4168,2011-06-23,10394.4438,Gold
4169,4169,2011-06-22,10529.59374,Gold
4170,4170,2011-06-21,10386.9556,Gold
4171,4171,2011-06-20,10446.28305,Gold
4172,4172,2011-06-17,10424.015,Gold
4173,4173,2011-06-16,10458.11805,Gold
4174,4174,2011-06-15,10430.679759999999,Gold
4175,4175,2011-06-14,10303.02132,Gold
4176,4176,2011-06-13,10282.1535,Gold
4177,4177,2011-06-10,10407.77882,Gold
4178,4178,2011-06-09,10406.86185,Gold
4179,4179,2011-06-08,10344.645359999999,Gold
4180,4180,2011-06-07,10368.50672,Gold
4181,4181,2011-06-06,10488.9816,Gold
4182,4182,2011-06-03,10350.51129,Gold
4183,4183,2011-06-02,10293.508,Gold
4184,4184,2011-06-01,10528.11392,Gold
4185,4185,2011-05-31,10452.26027,Gold
4186,4186,2011-05-27,10643.4864,Gold
4187,4187,2011-05-26,10602.64728,Gold
4188,4188,2011-05-25,10748.0273,Gold
4189,4189,2011-05-24,10637.11488,Gold
4190,4190,2011-05-23,10651.64982,Gold
4191,4191,2011-05-20,10432.29584,Gold
4192,4192,2011-05-19,10236.93966,Gold
4193,4193,2011-05-18,10325.92152,Gold
4194,4194,2011-05-17,10284.90596,Gold
4195,4195,2011-05-16,10414.17,Gold
4196,4196,2011-05-13,10475.75298,Gold
4197,4197,2011-05-12,10391.62284,Gold
4198,4198,2011-05-11,10325.766679999999,Gold
4199,4199,2011-05-10,10222.793959999999,Gold
4200,4200,2011-05-09,10100.54003,Gold
4201,4201,2011-05-06,10002.224,Gold
4202,4202,2011-05-05,9949.278559999999,Gold
4203,4203,2011-05-04,10108.47323,Gold
4204,4204,2011-05-03,10215.4833,Gold
4205,4205,2011-05-02,10302.084929999999,Gold
4206,4206,2011-04-29,10223.698,Gold
4207,4207,2011-04-28,10104.8108,Gold
4208,4208,2011-04-27,10011.433359999999,Gold
4209,4209,2011-04-26,10026.513,Gold
4210,4210,2011-04-25,10154.839179999999,Gold
4211,4211,2011-04-21,10091.43256,Gold
4212,4212,2011-04-20,10174.65564,Gold
4213,4213,2011-04-19,10177.09665,Gold
4214,4214,2011-04-18,10210.167370000001,Gold
4215,4215,2011-04-15,10095.5841,Gold
4216,4216,2011-04-14,10068.63555,Gold
4217,4217,2011-04-13,9890.26471,Gold
4218,4218,2011-04-12,9790.22136,Gold
4219,4219,2011-04-11,9810.44944,Gold
4220,4220,2011-04-08,9782.78664,Gold
4221,4221,2011-04-07,9726.88235,Gold
4222,4222,2011-04-06,9737.29023,Gold
4223,4223,2011-04-05,9757.257440000001,Gold
4224,4224,2011-04-04,9630.25602,Gold
4225,4225,2011-04-01,9560.98669,Gold
4226,4226,2011-03-31,9755.885890000001,Gold
4227,4227,2011-03-30,9718.71642,Gold
4228,4228,2011-03-29,9703.2816,Gold
4229,4229,2011-03-28,9767.79806,Gold
4230,4230,2011-03-25,9775.63028,Gold
4231,4231,2011-03-24,9863.96304,Gold
4232,4232,2011-03-23,9974.42472,Gold
4233,4233,2011-03-22,9858.45775,Gold
4234,4234,2011-03-21,9888.98556,Gold
4235,4235,2011-03-18,9907.0523,Gold
4236,4236,2011-03-17,9996.48,Gold
4237,4237,2011-03-16,9906.714,Gold
4238,4238,2011-03-15,9717.42354,Gold
4239,4239,2011-03-14,9732.297359999999,Gold
4240,4240,2011-03-11,9777.077,Gold
4241,4241,2011-03-10,9771.0118,Gold
4242,4242,2011-03-09,9811.57278,Gold
4243,4243,2011-03-08,9836.76322,Gold
4244,4244,2011-03-07,9864.45685,Gold
4245,4245,2011-03-04,9823.73088,Gold
4246,4246,2011-03-03,9807.924,Gold
4247,4247,2011-03-02,9898.28384,Gold
4248,4248,2011-03-01,9997.588529999999,Gold
4249,4249,2011-02-28,9818.02938,Gold
4250,4250,2011-02-25,9893.15923,Gold
4251,4251,2011-02-24,9972.2038,Gold
4252,4252,2011-02-23,10060.01584,Gold
4253,4253,2011-02-22,10021.1377,Gold
4254,4254,2011-02-18,9915.2185,Gold
4255,4255,2011-02-17,9938.68425,Gold
4256,4256,2011-02-16,9965.75018,Gold
4257,4257,2011-02-15,10061.62,Gold
4258,4258,2011-02-14,9935.106759999999,Gold
4259,4259,2011-02-11,9892.59255,Gold
4260,4260,2011-02-10,9912.99772,Gold
4261,4261,2011-02-09,9837.61488,Gold
4262,4262,2011-02-08,9817.02536,Gold
4263,4263,2011-02-07,9749.48172,Gold
4264,4264,2011-02-04,9793.24222,Gold
4265,4265,2011-02-03,9814.58771,Gold
4266,4266,2011-02-02,9542.3279,Gold
4267,4267,2011-02-01,9538.889720000001,Gold
4268,4268,2011-01-31,9580.15188,Gold
4269,4269,2011-01-28,9626.628209999999,Gold
4270,4270,2011-01-27,9309.61792,Gold
4271,4271,2011-01-26,9427.9091,Gold
4272,4272,2011-01-25,9397.64451,Gold
4273,4273,2011-01-24,9410.02105,Gold
4274,4274,2011-01-21,9457.8048,Gold
4275,4275,2011-01-20,9533.35465,Gold
4276,4276,2011-01-19,9578.657140000001,Gold
4277,4277,2011-01-18,9450.15075,Gold
4278,4278,2011-01-14,9436.00648,Gold
4279,4279,2011-01-13,9464.62167,Gold
4280,4280,2011-01-12,9464.60814,Gold
4281,4281,2011-01-11,9518.0448,Gold
4282,4282,2011-01-10,9364.10079,Gold
4283,4283,2011-01-07,9313.05305,Gold
4284,4284,2011-01-06,9318.800140000001,Gold
4285,4285,2011-01-05,9230.072040000001,Gold
4286,4286,2011-01-04,9197.9034,Gold
4287,4287,2011-01-03,9427.00116,Gold
4288,4288,2010-12-31,9382.95486,Gold
4289,4289,2010-12-30,9319.128,Gold
4290,4290,2010-12-29,9390.47343,Gold
4291,4291,2010-12-28,9379.14792,Gold
4292,4292,2010-12-27,9314.6112,Gold
4293,4293,2010-12-23,9322.866,Gold
4294,4294,2010-12-22,9419.42296,Gold
4295,4295,2010-12-21,9487.09762,Gold
4296,4296,2010-12-20,9479.0368,Gold
4297,4297,2010-12-17,9470.56842,Gold
4298,4298,2010-12-16,9373.12488,Gold
4299,4299,2010-12-15,9513.3972,Gold
4300,4300,2010-12-14,9596.69392,Gold
4301,4301,2010-12-13,9562.003359999999,Gold
4302,4302,2010-12-10,9505.43438,Gold
4303,4303,2010-12-09,9564.144629999999,Gold
4304,4304,2010-12-08,9573.95075,Gold
4305,4305,2010-12-07,9750.36505,Gold
4306,4306,2010-12-06,9759.20115,Gold
4307,4307,2010-12-03,9630.92512,Gold
4308,4308,2010-12-02,9589.8141,Gold
4309,4309,2010-12-01,9748.69583,Gold
4310,4310,2010-11-30,9846.796,Gold
4311,4311,2010-11-29,9736.5748,Gold
4312,4312,2010-11-26,9737.03925,Gold
4313,4313,2010-11-24,9704.34365,Gold
4314,4314,2010-11-23,9784.52025,Gold
4315,4315,2010-11-22,9510.96004,Gold
4316,4316,2010-11-19,9452.01322,Gold
4317,4317,2010-11-18,9434.58344,Gold
4318,4318,2010-11-17,9375.6468,Gold
4319,4319,2010-11-16,9428.72499,Gold
4320,4320,2010-11-15,9556.358240000001,Gold
4321,4321,2010-11-12,9511.64948,Gold
4322,4322,2010-11-11,9728.81478,Gold
4323,4323,2010-11-10,9667.641090000001,Gold
4324,4324,2010-11-09,9702.66654,Gold
4325,4325,2010-11-08,9601.604879999999,Gold
4326,4326,2010-11-05,9467.825340000001,Gold
4327,4327,2010-11-04,9410.241390000001,Gold
4328,4328,2010-11-03,9181.59828,Gold
4329,4329,2010-11-02,9346.81676,Gold
4330,4330,2010-11-01,9425.0711,Gold
4331,4331,2010-10-29,9495.22157,Gold
4332,4332,2010-10-28,9383.023729999999,Gold
4333,4333,2010-10-27,9335.52532,Gold
4334,4334,2010-10-26,9291.741,Gold
4335,4335,2010-10-25,9257.55642,Gold
4336,4336,2010-10-22,9192.263079999999,Gold
4337,4337,2010-10-21,9236.86816,Gold
4338,4338,2010-10-20,9313.367559999999,Gold
4339,4339,2010-10-19,9298.9715,Gold
4340,4340,2010-10-18,9425.6288,Gold
4341,4341,2010-10-15,9377.36423,Gold
4342,4342,2010-10-14,9373.26195,Gold
4343,4343,2010-10-13,9341.3595,Gold
4344,4344,2010-10-12,9218.71785,Gold
4345,4345,2010-10-11,9298.93029,Gold
4346,4346,2010-10-08,9193.92474,Gold
4347,4347,2010-10-07,9178.432509999999,Gold
4348,4348,2010-10-06,9239.131440000001,Gold
4349,4349,2010-10-05,9245.77395,Gold
4350,4350,2010-10-04,9202.27532,Gold
4351,4351,2010-10-01,9119.520120000001,Gold
4352,4352,2010-09-30,9116.80458,Gold
4353,4353,2010-09-29,9113.1791,Gold
4354,4354,2010-09-28,9090.6695,Gold
4355,4355,2010-09-27,9099.20324,Gold
4356,4356,2010-09-24,9101.5488,Gold
4357,4357,2010-09-23,9145.264940000001,Gold
4358,4358,2010-09-22,9085.201340000001,Gold
4359,4359,2010-09-21,8984.67088,Gold
4360,4360,2010-09-20,9111.8518,Gold
4361,4361,2010-09-17,9116.45808,Gold
4362,4362,2010-09-16,9090.90525,Gold
4363,4363,2010-09-15,9003.57693,Gold
4364,4364,2010-09-14,9000.9033,Gold
4365,4365,2010-09-13,8874.823779999999,Gold
4366,4366,2010-09-10,8943.2259,Gold
4367,4367,2010-09-09,9016.308659999999,Gold
4368,4368,2010-09-08,9088.91172,Gold
4369,4369,2010-09-07,9140.948190000001,Gold
4370,4370,2010-09-03,8989.61796,Gold
4371,4371,2010-09-02,9059.73365,Gold
4372,4372,2010-09-01,9096.86833,Gold
4373,4373,2010-08-31,9213.07815,Gold
4374,4374,2010-08-30,9089.96338,Gold
4375,4375,2010-08-27,9035.4072,Gold
4376,4376,2010-08-26,9047.94606,Gold
4377,4377,2010-08-25,9082.43625,Gold
4378,4378,2010-08-24,9077.01102,Gold
4379,4379,2010-08-23,9037.59078,Gold
4380,4380,2010-08-20,8978.56336,Gold
4381,4381,2010-08-19,9019.941659999999,Gold
4382,4382,2010-08-18,8958.48747,Gold
4383,4383,2010-08-17,8917.872640000001,Gold
4384,4384,2010-08-16,8907.2579,Gold
4385,4385,2010-08-13,8875.08748,Gold
4386,4386,2010-08-12,8872.77772,Gold
4387,4387,2010-08-11,8772.6455,Gold
4388,4388,2010-08-10,8642.66462,Gold
4389,4389,2010-08-09,8631.95237,Gold
4390,4390,2010-08-06,8694.565,Gold
4391,4391,2010-08-05,8676.34784,Gold
4392,4392,2010-08-04,8687.62923,Gold
4393,4393,2010-08-03,8613.08544,Gold
4394,4394,2010-08-02,8639.76672,Gold
4395,4395,2010-07-30,8620.38333,Gold
4396,4396,2010-07-29,8563.90464,Gold
4397,4397,2010-07-28,8531.841,Gold
4398,4398,2010-07-27,8493.8142,Gold
4399,4399,2010-07-26,8689.4899,Gold
4400,4400,2010-07-23,8829.95565,Gold
4401,4401,2010-07-22,8896.31325,Gold
4402,4402,2010-07-21,8998.60572,Gold
4403,4403,2010-07-20,9006.7868,Gold
4404,4404,2010-07-19,9036.57807,Gold
4405,4405,2010-07-16,9025.1172,Gold
4406,4406,2010-07-15,9126.34983,Gold
4407,4407,2010-07-14,9083.82496,Gold
4408,4408,2010-07-13,9134.20772,Gold
4409,4409,2010-07-12,9124.4202,Gold
4410,4410,2010-07-09,9182.19456,Gold
4411,4411,2010-07-08,9048.73818,Gold
4412,4412,2010-07-07,9129.376620000001,Gold
4413,4413,2010-07-06,9152.40696,Gold
4414,4414,2010-07-02,9343.585640000001,Gold
4415,4415,2010-07-01,9324.45774,Gold
4416,4416,2010-06-30,9559.83525,Gold
4417,4417,2010-06-29,9538.6842,Gold
4418,4418,2010-06-28,9379.365,Gold
4419,4419,2010-06-25,9575.475,Gold
4420,4420,2010-06-24,9449.73305,Gold
4421,4421,2010-06-23,9297.83281,Gold
4422,4422,2010-06-22,9388.770779999999,Gold
4423,4423,2010-06-21,9311.758609999999,Gold
4424,4424,2010-06-18,9435.9146,Gold
4425,4425,2010-06-17,9470.89525,Gold
4426,4426,2010-06-16,9358.90676,Gold
4427,4427,2010-06-15,9358.63148,Gold
4428,4428,2010-06-14,9403.874090000001,Gold
4429,4429,2010-06-11,9438.44356,Gold
4430,4430,2010-06-10,9399.915840000001,Gold
4431,4431,2010-06-09,9553.18455,Gold
4432,4432,2010-06-08,9641.8708,Gold
4433,4433,2010-06-07,9687.73203,Gold
4434,4434,2010-06-04,9486.116759999999,Gold
4435,4435,2010-06-03,9269.23179,Gold
4436,4436,2010-06-02,9352.72544,Gold
4437,4437,2010-06-01,9464.27456,Gold
4438,4438,2010-05-28,9252.84382,Gold
4439,4439,2010-05-27,9176.749179999999,Gold
4440,4440,2010-05-26,9436.44075,Gold
4441,4441,2010-05-25,9374.821259999999,Gold
4442,4442,2010-05-24,9385.17808,Gold
4443,4443,2010-05-21,9243.94125,Gold
4444,4444,2010-05-20,9450.96826,Gold
4445,4445,2010-05-19,9255.887859999999,Gold
4446,4446,2010-05-18,9309.188090000001,Gold
4447,4447,2010-05-17,9305.59769,Gold
4448,4448,2010-05-14,9269.20206,Gold
4449,4449,2010-05-13,9208.25856,Gold
4450,4450,2010-05-12,9273.151670000001,Gold
4451,4451,2010-05-11,9176.81974,Gold
4452,4452,2010-05-10,9051.016,Gold
4453,4453,2010-05-07,9267.753,Gold
4454,4454,2010-05-06,9263.287859999999,Gold
4455,4455,2010-05-05,8958.321820000001,Gold
4456,4456,2010-05-04,8838.7061,Gold
4457,4457,2010-05-03,8766.29067,Gold
4458,4458,2010-04-30,8718.106759999999,Gold
4459,4459,2010-04-29,8605.8502,Gold
4460,4460,2010-04-28,8705.57012,Gold
4461,4461,2010-04-27,8668.95391,Gold
4462,4462,2010-04-26,8468.88165,Gold
4463,4463,2010-04-23,8554.041729999999,Gold
4464,4464,2010-04-22,8560.62466,Gold
4465,4465,2010-04-21,8496.450359999999,Gold
4466,4466,2010-04-20,8411.4075,Gold
4467,4467,2010-04-19,8426.93016,Gold
4468,4468,2010-04-16,8396.91611,Gold
4469,4469,2010-04-15,8477.17506,Gold
4470,4470,2010-04-14,8490.0227,Gold
4471,4471,2010-04-13,8421.89568,Gold
4472,4472,2010-04-12,8457.261120000001,Gold
4473,4473,2010-04-09,8423.31606,Gold
4474,4474,2010-04-08,8360.132759999999,Gold
4475,4475,2010-04-07,8390.58768,Gold
4476,4476,2010-04-06,8219.032079999999,Gold
4477,4477,2010-04-05,8181.8038,Gold
4478,4478,2010-04-01,8143.92384,Gold
4479,4479,2010-03-31,8110.94715,Gold
4480,4480,2010-03-30,8138.8396,Gold
4481,4481,2010-03-29,8214.33249,Gold
4482,4482,2010-03-26,8205.199779999999,Gold
4483,4483,2010-03-25,8177.11118,Gold
4484,4484,2010-03-24,8048.5641,Gold
4485,4485,2010-03-23,8098.69685,Gold
4486,4486,2010-03-22,8059.40802,Gold
4487,4487,2010-03-19,8121.6716,Gold
4488,4488,2010-03-18,8246.25456,Gold
4489,4489,2010-03-17,8215.7656,Gold
4490,4490,2010-03-16,8255.35208,Gold
4491,4491,2010-03-15,8183.154990000001,Gold
4492,4492,2010-03-12,8142.83875,Gold
4493,4493,2010-03-11,8228.562,Gold
4494,4494,2010-03-10,8208.68722,Gold
4495,4495,2010-03-09,8286.7554,Gold
4496,4496,2010-03-08,8328.46028,Gold
4497,4497,2010-03-05,8403.08052,Gold
4498,4498,2010-03-04,8473.99994,Gold
4499,4499,2010-03-03,8578.2489,Gold
4500,4500,2010-03-02,8639.53048,Gold
4501,4501,2010-03-01,8534.17944,Gold
4502,4502,2010-02-26,8634.058809999999,Gold
4503,4503,2010-02-25,8573.2642,Gold
4504,4504,2010-02-24,8487.5679,Gold
4505,4505,2010-02-23,8552.76174,Gold
4506,4506,2010-02-22,8572.36048,Gold
4507,4507,2010-02-19,8585.90623,Gold
4508,4508,2010-02-18,8587.4698,Gold
4509,4509,2010-02-17,8532.49315,Gold
4510,4510,2010-02-16,8571.71133,Gold
4511,4511,2010-02-12,8382.3951,Gold
4512,4512,2010-02-11,8358.81264,Gold
4513,4513,2010-02-10,8311.0929,Gold
4514,4514,2010-02-09,8270.56338,Gold
4515,4515,2010-02-08,8244.68148,Gold
4516,4516,2010-02-05,8194.0075,Gold
4517,4517,2010-02-04,8152.22016,Gold
4518,4518,2010-02-03,8377.844340000001,Gold
4519,4519,2010-02-02,8346.866259999999,Gold
4520,4520,2010-02-01,8276.83893,Gold
4521,4521,2010-01-29,8260.041,Gold
4522,4522,2010-01-28,8256.70692,Gold
4523,4523,2010-01-27,8234.60828,Gold
4524,4524,2010-01-26,8307.8093,Gold
4525,4525,2010-01-25,8286.8308,Gold
4526,4526,2010-01-22,8315.38848,Gold
4527,4527,2010-01-21,8354.0552,Gold
4528,4528,2010-01-20,8386.408309999999,Gold
4529,4529,2010-01-19,8453.04093,Gold
4530,4530,2010-01-15,8358.78465,Gold
4531,4531,2010-01-14,8433.187820000001,Gold
4532,4532,2010-01-13,8397.4278,Gold
4533,4533,2010-01-12,8394.048840000001,Gold
4534,4534,2010-01-11,8486.98785,Gold
4535,4535,2010-01-08,8368.50168,Gold
4536,4536,2010-01-07,8418.47976,Gold
4537,4537,2010-01-06,8303.99695,Gold
4538,4538,2010-01-05,8189.076209999999,Gold
4539,4539,2010-01-04,8150.044859999999,Gold
4540,4540,2009-12-31,8115.432,Gold
4541,4541,2009-12-30,8066.07585,Gold
4542,4542,2009-12-29,8142.2631,Gold
4543,4543,2009-12-28,8307.65376,Gold
4544,4544,2009-12-24,8301.06544,Gold
4545,4545,2009-12-23,8316.7331,Gold
4546,4546,2009-12-22,8372.1912,Gold
4547,4547,2009-12-21,8491.65034,Gold
4548,4548,2009-12-18,8403.09092,Gold
4549,4549,2009-12-17,8345.161320000001,Gold
4550,4550,2009-12-16,8437.78695,Gold
4551,4551,2009-12-15,8359.6352,Gold
4552,4552,2009-12-14,8327.0229,Gold
4553,4553,2009-12-11,8417.10442,Gold
4554,4554,2009-12-10,8490.25454,Gold
4555,4555,2009-12-09,8475.15376,Gold
4556,4556,2009-12-08,8631.5684,Gold
4557,4557,2009-12-07,8658.139140000001,Gold
4558,4558,2009-12-04,8678.106240000001,Gold
4559,4559,2009-12-03,9017.2818,Gold
4560,4560,2009-12-02,8869.1736,Gold
4561,4561,2009-12-01,8767.93911,Gold
4562,4562,2009-11-30,8762.22657,Gold
4563,4563,2009-11-27,8693.89422,Gold
4564,4564,2009-11-25,8701.40128,Gold
4565,4565,2009-11-24,8686.82115,Gold
4566,4566,2009-11-23,8730.61998,Gold
4567,4567,2009-11-20,8722.84296,Gold
4568,4568,2009-11-19,8600.334859999999,Gold
4569,4569,2009-11-18,8498.215,Gold
4570,4570,2009-11-17,8494.19532,Gold
4571,4571,2009-11-16,8386.813740000001,Gold
4572,4572,2009-11-13,8278.78336,Gold
4573,4573,2009-11-12,8264.6956,Gold
4574,4574,2009-11-11,8231.6802,Gold
4575,4575,2009-11-10,8133.344279999999,Gold
4576,4576,2009-11-09,8169.0368,Gold
4577,4577,2009-11-06,8252.89262,Gold
4578,4578,2009-11-05,8279.5635,Gold
4579,4579,2009-11-04,8315.75441,Gold
4580,4580,2009-11-03,8465.02167,Gold
4581,4581,2009-11-02,8385.064,Gold
4582,4582,2009-10-30,8127.23093,Gold
4583,4583,2009-10-29,8097.1478400000005,Gold
4584,4584,2009-10-28,8077.29972,Gold
4585,4585,2009-10-27,7931.90673,Gold
4586,4586,2009-10-26,7905.3706,Gold
4587,4587,2009-10-23,7876.992759999999,Gold
4588,4588,2009-10-22,7839.567359999999,Gold
4589,4589,2009-10-21,7889.4629,Gold
4590,4590,2009-10-20,7814.709059999999,Gold
4591,4591,2009-10-19,7729.70884,Gold
4592,4592,2009-10-16,7720.963879999999,Gold
4593,4593,2009-10-15,7630.156359999999,Gold
4594,4594,2009-10-14,7700.0826400000005,Gold
4595,4595,2009-10-13,7796.43562,Gold
4596,4596,2009-10-12,7746.98471,Gold
4597,4597,2009-10-09,7757.282520000001,Gold
4598,4598,2009-10-08,7741.7811599999995,Gold
4599,4599,2009-10-07,7719.063709999999,Gold
4600,4600,2009-10-06,7715.2401,Gold
4601,4601,2009-10-05,7599.7308299999995,Gold
4602,4602,2009-10-02,7663.846079999999,Gold
4603,4603,2009-10-01,7696.7497,Gold
4604,4604,2009-09-30,7582.3776,Gold
4605,4605,2009-09-29,7375.4557700000005,Gold
4606,4606,2009-09-28,7374.96975,Gold
4607,4607,2009-09-25,7338.66926,Gold
4608,4608,2009-09-24,7472.97075,Gold
4609,4609,2009-09-23,7536.9226,Gold
4610,4610,2009-09-22,7477.6966,Gold
4611,4611,2009-09-21,7489.207920000001,Gold
4612,4612,2009-09-18,7492.502640000001,Gold
4613,4613,2009-09-17,7479.581009999999,Gold
4614,4614,2009-09-16,7458.55178,Gold
4615,4615,2009-09-15,7402.1265,Gold
4616,4616,2009-09-14,7455.154409999999,Gold
4617,4617,2009-09-11,7475.65208,Gold
4618,4618,2009-09-10,7530.4996200000005,Gold
4619,4619,2009-09-09,7515.11218,Gold
4620,4620,2009-09-08,7506.602959999999,Gold
4621,4621,2009-09-04,7565.41858,Gold
4622,4622,2009-09-03,7629.12254,Gold
4623,4623,2009-09-02,7616.5034,Gold
4624,4624,2009-09-01,7543.1801700000005,Gold
4625,4625,2009-08-31,7405.7487200000005,Gold
4626,4626,2009-08-28,7418.0898,Gold
4627,4627,2009-08-27,7358.6374,Gold
4628,4628,2009-08-26,7432.11315,Gold
4629,4629,2009-08-25,7391.656999999999,Gold
4630,4630,2009-08-24,7383.39165,Gold
4631,4631,2009-08-21,7444.777959999999,Gold
4632,4632,2009-08-20,7452.15959,Gold
4633,4633,2009-08-19,7560.5495,Gold
4634,4634,2009-08-18,7515.6655,Gold
4635,4635,2009-08-17,7567.08256,Gold
4636,4636,2009-08-14,7658.8625,Gold
4637,4637,2009-08-13,7634.354020000001,Gold
4638,4638,2009-08-12,7636.87803,Gold
4639,4639,2009-08-11,7655.116040000001,Gold
4640,4640,2009-08-10,7619.724,Gold
4641,4641,2009-08-07,7635.329070000001,Gold
4642,4642,2009-08-06,7723.7397900000005,Gold
4643,4643,2009-08-05,7596.9318,Gold
4644,4644,2009-08-04,7560.045,Gold
4645,4645,2009-08-03,7389.06538,Gold
4646,4646,2009-07-31,7376.39265,Gold
4647,4647,2009-07-30,7271.6522,Gold
4648,4648,2009-07-29,7312.45552,Gold
4649,4649,2009-07-28,7367.3001,Gold
4650,4650,2009-07-27,7386.07307,Gold
4651,4651,2009-07-24,7371.8136,Gold
4652,4652,2009-07-23,7339.1505,Gold
4653,4653,2009-07-22,7353.4433,Gold
4654,4654,2009-07-21,7367.57712,Gold
4655,4655,2009-07-20,7434.05845,Gold
4656,4656,2009-07-17,7508.19036,Gold
4657,4657,2009-07-16,7517.2689,Gold
4658,4658,2009-07-15,7604.8318,Gold
4659,4659,2009-07-14,7573.26375,Gold
4660,4660,2009-07-13,7573.290840000001,Gold
4661,4661,2009-07-10,7501.4767,Gold
4662,4662,2009-07-09,7415.76753,Gold
4663,4663,2009-07-08,7425.2574,Gold
4664,4664,2009-07-07,7513.991999999999,Gold
4665,4665,2009-07-06,7323.9012,Gold
4666,4666,2009-07-02,7304.878159999999,Gold
4667,4667,2009-07-01,7271.5775,Gold
4668,4668,2009-06-30,7139.13355,Gold
4669,4669,2009-06-29,7340.01008,Gold
4670,4670,2009-06-26,7398.887709999999,Gold
4671,4671,2009-06-25,7507.1654,Gold
4672,4672,2009-06-24,7512.77948,Gold
4673,4673,2009-06-23,7527.0133,Gold
4674,4674,2009-06-22,7534.83482,Gold
4675,4675,2009-06-19,7572.7464,Gold
4676,4676,2009-06-18,7582.2119999999995,Gold
4677,4677,2009-06-17,7508.642879999999,Gold
4678,4678,2009-06-16,7507.3917599999995,Gold
4679,4679,2009-06-15,7486.5713,Gold
4680,4680,2009-06-12,7585.47888,Gold
4681,4681,2009-06-11,7630.2226200000005,Gold
4682,4682,2009-06-10,7666.821,Gold
4683,4683,2009-06-09,7698.8754,Gold
4684,4684,2009-06-08,7746.838000000001,Gold
4685,4685,2009-06-05,7794.386159999999,Gold
4686,4686,2009-06-04,7825.46248,Gold
4687,4687,2009-06-03,7764.6108,Gold
4688,4688,2009-06-02,7811.524,Gold
4689,4689,2009-06-01,7798.26768,Gold
4690,4690,2009-05-29,7728.506920000001,Gold
4691,4691,2009-05-28,7697.3844,Gold
4692,4692,2009-05-27,7771.53492,Gold
4693,4693,2009-05-26,7856.59392,Gold
4694,4694,2009-05-22,7915.4847,Gold
4695,4695,2009-05-21,7893.44652,Gold
4696,4696,2009-05-20,7807.8336,Gold
4697,4697,2009-05-19,7800.65019,Gold
4698,4698,2009-05-18,7825.33794,Gold
4699,4699,2009-05-15,8167.15806,Gold
4700,4700,2009-05-14,7898.1152,Gold
4701,4701,2009-05-13,7867.6755,Gold
4702,4702,2009-05-12,7774.30005,Gold
4703,4703,2009-05-11,7703.1636,Gold
4704,4704,2009-05-08,7549.103520000001,Gold
4705,4705,2009-05-07,7720.3125,Gold
4706,4706,2009-05-06,7551.59595,Gold
4707,4707,2009-05-05,7619.90803,Gold
4708,4708,2009-05-04,7446.94552,Gold
4709,4709,2009-05-01,7434.5376,Gold
4710,4710,2009-04-30,7523.29755,Gold
4711,4711,2009-04-29,7666.026059999999,Gold
4712,4712,2009-04-28,7661.295359999999,Gold
4713,4713,2009-04-27,7945.738840000001,Gold
4714,4714,2009-04-24,7964.7648,Gold
4715,4715,2009-04-23,8098.836590000001,Gold
4716,4716,2009-04-22,7961.5445,Gold
4717,4717,2009-04-21,7956.012740000001,Gold
4718,4718,2009-04-20,8081.7231,Gold
4719,4719,2009-04-17,7695.225840000001,Gold
4720,4720,2009-04-16,7849.33524,Gold
4721,4721,2009-04-15,8070.4656,Gold
4722,4722,2009-04-14,8126.700709999999,Gold
4723,4723,2009-04-13,8083.882909999999,Gold
4724,4724,2009-04-09,7918.27432,Gold
4725,4725,2009-04-08,8113.616,Gold
4726,4726,2009-04-07,8158.5856,Gold
4727,4727,2009-04-06,7974.0507,Gold
4728,4728,2009-04-03,8085.29768,Gold
4729,4729,2009-04-02,8208.15892,Gold
4730,4730,2009-04-01,8666.90685,Gold
4731,4731,2009-03-31,8709.52852,Gold
4732,4732,2009-03-30,9003.3932,Gold
4733,4733,2009-03-27,8936.7629,Gold
4734,4734,2009-03-26,8782.911,Gold
4735,4735,2009-03-25,8909.685,Gold
4736,4736,2009-03-24,8783.81455,Gold
4737,4737,2009-03-23,8983.34913,Gold
4738,4738,2009-03-20,9160.19604,Gold
4739,4739,2009-03-19,9277.206470000001,Gold
4740,4740,2009-03-18,8595.773009999999,Gold
4741,4741,2009-03-17,9056.59792,Gold
4742,4742,2009-03-16,9165.49632,Gold
4743,4743,2009-03-13,9194.606240000001,Gold
4744,4744,2009-03-12,9197.18853,Gold
4745,4745,2009-03-11,9165.725120000001,Gold
4746,4746,2009-03-10,9243.129359999999,Gold
4747,4747,2009-03-09,9793.96971,Gold
4748,4748,2009-03-06,9819.97935,Gold
4749,4749,2009-03-05,9898.8768,Gold
4750,4750,2009-03-04,9444.7782,Gold
4751,4751,2009-03-03,9645.33624,Gold
4752,4752,2009-03-02,9896.6844,Gold
4753,4753,2009-02-27,9584.18755,Gold
4754,4754,2009-02-26,9262.1321,Gold
4755,4755,2009-02-25,9626.00103,Gold
4756,4756,2009-02-24,9560.84987,Gold
4757,4757,2009-02-23,10037.20482,Gold
4758,4758,2009-02-20,10076.00422,Gold
4759,4759,2009-02-19,9917.27361,Gold
4760,4760,2009-02-18,9910.651590000001,Gold
4761,4761,2009-02-17,9958.2627,Gold
4762,4762,2009-02-13,9505.1957,Gold
4763,4763,2009-02-12,9704.4829,Gold
4764,4764,2009-02-11,9312.4746,Gold
4765,4765,2009-02-10,9109.22352,Gold
4766,4766,2009-02-09,8514.56688,Gold
4767,4767,2009-02-06,8746.57134,Gold
4768,4768,2009-02-05,9042.08192,Gold
4769,4769,2009-02-04,9047.73632,Gold
4770,4770,2009-02-03,8937.9292,Gold
4771,4771,2009-02-02,9233.37945,Gold
4772,4772,2009-01-30,9516.694440000001,Gold
4773,4773,2009-01-29,9114.71904,Gold
4774,4774,2009-01-28,8793.61096,Gold
4775,4775,2009-01-27,9126.340479999999,Gold
4776,4776,2009-01-26,9188.11475,Gold
4777,4777,2009-01-23,9399.66517,Gold
4778,4778,2009-01-22,8653.05896,Gold
4779,4779,2009-01-21,8495.1504,Gold
4780,4780,2009-01-20,8878.61032,Gold
4781,4781,2009-01-16,8491.95347,Gold
4782,4782,2009-01-15,8068.21005,Gold
4783,4783,2009-01-14,8225.29386,Gold
4784,4784,2009-01-13,8252.25625,Gold
4785,4785,2009-01-12,8334.248,Gold
4786,4786,2009-01-09,8397.85443,Gold
4787,4787,2009-01-08,8173.27463,Gold
4788,4788,2009-01-07,8112.745940000001,Gold
4789,4789,2009-01-06,7999.49798,Gold
4790,4790,2009-01-05,7989.5326,Gold
4791,4791,2009-01-02,8140.675920000001,Gold