Date,Close,Open,High,Low,Change
2009/10/14,23656,23215,23678,23215,0.0193
2009/10/15,23758,23659,23792,23422,0.0043
2009/10/16,23663,23770,23894,23508,-0.004
2009/10/19,23989,23659,24033,23641,0.0138
2009/10/20,23978,23993,24166,23873,-0.0005
2009/10/21,24142,23987,24211,23833,0.0068
2009/10/22,24152,23935,24269,23855,0.0004
2009/10/23,24279,24380,24476,24206,0.0053
2009/10/26,24393,24314,24428,24142,0.0047
2009/10/27,23942,24018,24091,23794,-0.0185
2009/10/28,23640,23928,23969,23452,-0.0126
2009/10/29,24102,23240,24103,23240,0.0195
2009/10/30,23710,24193,24214,23679,-0.0163
2009/11/02,23705,23525,23738,23444,-0.0002
2009/11/03,23693,23640,23726,23612,-0.0005
2009/11/04,23561,23494,23622,23373,-0.0056
2009/11/05,23441,23333,23482,23086,-0.0051
2009/11/06,23395,23451,23670,23193,-0.002
2009/11/09,23990,23395,23990,23395,0.0254
2009/11/10,23900,23925,24024,23806,-0.0038
2009/11/11,24158,23936,24210,23905,0.0108
2009/11/12,24188,24036,24207,23872,0.0012
2009/11/13,24241,24008,24305,23987,0.0022
2009/11/16,24699,24249,24699,24248,0.0189
2009/11/17,24678,24599,24805,24558,-0.0009
2009/11/18,24715,24683,24916,24630,0.0015
2009/11/19,24523,24708,24744,24358,-0.0078
2009/11/20,24486,24510,24572,24238,-0.0015
2009/11/23,24947,24570,25010,24555,0.0188
2009/11/24,24904,24946,24946,24698,-0.0017
2009/11/25,24923,25008,25115,24901,0.0008
2009/11/26,24478,24880,24917,24458,-0.0179
2009/11/27,24434,24478,24478,23938,-0.0018
2009/11/30,24409,24630,24773,24313,-0.001
2009/12/01,24705,24540,24808,24503,0.0121
2009/12/02,25047,24823,25063,24808,0.0138
2009/12/03,24642,25090,25113,24642,-0.0162
2009/12/04,24875,24610,25023,24563,0.0095
2009/12/07,24698,24578,24735,24348,-0.0071
2009/12/08,24463,24686,24759,24325,-0.0095
2009/12/09,24262,24465,24465,24185,-0.0082
2009/12/10,24396,24225,24440,24109,0.0055
2009/12/11,24633,24526,24659,24473,0.0097
2009/12/14,24528,24780,24852,24528,-0.0043
2009/12/15,24895,24538,25028,24538,0.015
2009/12/16,24895,24895,24895,24895,0
2009/12/17,24839,24921,25055,24749,-0.0022
2009/12/18,25178,24743,25218,24740,0.0136
2009/12/21,25315,25163,25355,25062,0.0054
2009/12/22,25323,25316,25482,25235,0.0003
2009/12/23,25149,25320,25488,25127,-0.0069
2009/12/24,25387,25158,25405,25157,0.0095
2009/12/25,25375,25375,25375,25375,-0.0005
2009/12/28,25469,25430,25510,25329,0.0037
2009/12/29,25231,25466,25569,25203,-0.0093
2009/12/30,25073,25231,25293,24883,-0.0063
2009/12/31,25138,25103,25235,25074,0.0026
2010/01/01,25138,25138,25138,25138,0
2010/01/04,25448,25138,25533,25074,0.0123
2010/01/05,25611,25496,25683,25445,0.0064
2010/01/06,25705,25502,25708,25489,0.0037
2010/01/07,25623,25610,25648,25385,-0.0032
2010/01/08,25813,25625,25857,25625,0.0074
2010/01/11,25798,25810,26112,25768,-0.0006
2010/01/12,25560,25789,25860,25507,-0.0092
2010/01/13,25518,25533,25755,25463,-0.0016
2010/01/14,25743,25785,25874,25549,0.0088
2010/01/15,25305,25698,25778,25283,-0.017
2010/01/18,25654,25373,25672,25364,0.0138
2010/01/19,25579,25558,25650,25458,-0.0029
2010/01/20,25315,25594,25618,25275,-0.0103
2010/01/21,24783,25026,25169,24783,-0.021
2010/01/22,24508,24630,24764,24411,-0.0111
2010/01/25,24532,24509,24813,24430,0.001
2010/01/26,24208,24535,24535,24072,-0.0132
2010/01/27,24176,24205,24407,24013,-0.0013
2010/01/28,24047,24465,24533,24009,-0.0053
2010/01/29,24148,23847,24233,23847,0.0042
2010/02/01,24159,23840,24159,23793,0.0005
2010/02/02,24286,24216,24323,24065,0.0053
2010/02/03,24249,24355,24528,24206,-0.0015
2010/02/04,23635,24158,24218,23558,-0.0253
2010/02/05,23128,23203,23398,23058,-0.0215
2010/02/08,23438,23285,23613,23187,0.0134
2010/02/09,23869,23423,23869,23415,0.0184
2010/02/10,23420,23786,23983,23415,-0.0188
2010/02/11,23756,23729,23998,23590,0.0143
2010/02/12,23705,23944,24045,23478,-0.0021
2010/02/15,24018,23637,24057,23610,0.0132
2010/02/16,24357,24080,24357,24066,0.0141
2010/02/17,24503,24520,24642,24437,0.006
2010/02/18,24563,24383,24641,24238,0.0024
2010/02/19,24475,24320,24513,24215,-0.0036
2010/02/22,24606,24678,24774,24565,0.0054
2010/02/23,24160,24588,24750,24083,-0.0181
2010/02/24,24100,24109,24233,24014,-0.0025
2010/02/25,23945,23965,24257,23863,-0.0064
2010/02/26,23893,24144,24268,23813,-0.0022
2010/03/01,24208,24170,24341,24068,0.0132
2010/03/02,24582,24275,24624,24252,0.0154
2010/03/03,24948,24621,24998,24573,0.0149
2010/03/04,24808,24788,25016,24718,-0.0056
2010/03/05,25262,24933,25262,24834,0.0183
2010/03/08,25336,25325,25373,25243,0.0029
2010/03/09,25123,25312,25312,24998,-0.0084
2010/03/10,25272,25143,25310,25018,0.0059
2010/03/11,25135,25185,25295,24976,-0.0054
2010/03/12,25295,25196,25417,25158,0.0064
2010/03/15,25087,25185,25272,25045,-0.0082
2010/03/16,25364,25225,25364,25188,0.011
2010/03/17,25652,25528,25663,25464,0.0114
2010/03/18,26162,25597,26207,25568,0.0199
2010/03/19,25835,25997,26014,25791,-0.0125
2010/03/22,25839,25839,25839,25839,0.0002
2010/03/23,25905,26047,26047,25736,0.0026
2010/03/24,25665,25943,26028,25626,-0.0093
2010/03/25,26035,25690,26035,25678,0.0144
2010/03/26,25963,26035,26035,25752,-0.0028
2010/03/29,26050,25968,26116,25925,0.0034
2010/03/30,25925,26175,26312,25879,-0.0048
2010/03/31,26118,25940,26151,25837,0.0074
2010/04/01,26493,26173,26493,26073,0.0144
2010/04/05,26487,26487,26487,26487,-0.0002
2010/04/06,26750,26448,26750,26428,0.0099
2010/04/07,26616,26670,26735,26428,-0.005
2010/04/08,26318,26392,26433,26153,-0.0112
2010/04/09,26697,26438,26697,26387,0.0144
2010/04/12,26405,26707,26738,26365,-0.0109
2010/04/13,26188,26335,26502,26106,-0.0082
2010/04/14,26683,26293,26720,26293,0.0189
2010/04/15,26705,26675,26746,26504,0.0008
2010/04/16,26167,26607,26666,26121,-0.0201
2010/04/19,25957,25984,26077,25795,-0.008
2010/04/20,26219,26061,26334,26033,0.0101
2010/04/21,26123,26313,26405,25959,-0.0037
2010/04/22,25929,25984,26273,25806,-0.0074
2010/04/23,26078,26068,26155,25980,0.0057
2010/04/26,26502,26268,26545,26268,0.0163
2010/04/27,26538,26538,26538,26538,0.0014
2010/04/28,25490,26003,26003,25490,-0.0395
2010/04/29,25854,25679,25958,25458,0.0143
2010/04/30,25755,25938,26075,25595,-0.0038
2010/05/03,25740,25772,25816,25517,-0.0006
2010/05/04,24878,25785,25867,24878,-0.0335
2010/05/05,24696,25023,25163,24575,-0.0073
2010/05/06,24458,24453,24913,24338,-0.0096
2010/05/07,23836,24025,24387,23523,-0.0254
2010/05/10,24826,24350,24857,24283,0.0415
2010/05/11,24875,24450,24875,24441,0.002
2010/05/12,25173,24685,25275,24657,0.012
2010/05/13,25167,25410,25418,25028,-0.0002
2010/05/14,24360,25161,25161,24313,-0.0321
2010/05/17,24135,24065,24575,23946,-0.0092
2010/05/18,24693,24380,24755,24380,0.0231
2010/05/19,24218,24296,24495,24071,-0.0192
2010/05/20,23593,24083,24359,23328,-0.0258
2010/05/21,23499,23568,23743,23051,-0.004
2010/05/24,23911,23740,23985,23558,0.0175
2010/05/25,23458,23263,23497,23127,-0.0189
2010/05/26,24043,23698,24237,23632,0.0249
2010/05/27,24595,24265,24625,24168,0.023
2010/05/28,24251,24678,24732,24178,-0.014
2010/05/31,24160,24265,24413,24160,-0.0038
2010/06/01,24405,24191,24477,23823,0.0101
2010/06/02,24340,24168,24385,24155,-0.0027
2010/06/03,24110,24758,24810,24056,-0.0094
2010/06/04,23523,24101,24358,23487,-0.0243
2010/06/07,23309,23528,23604,23127,-0.0091
2010/06/08,23108,23309,23560,23025,-0.0086
2010/06/09,23873,23111,23873,23111,0.0331
2010/06/10,24178,23858,24256,23623,0.0128
2010/06/11,23845,24245,24337,23778,-0.0138
2010/06/14,24596,24098,24639,24098,0.0315
2010/06/15,24713,24418,24793,24340,0.0048
2010/06/17,25038,24580,25140,24580,0.0132
2010/06/18,24833,25145,25205,24708,-0.0082
2010/06/21,25212,25176,25365,25118,0.0153
2010/06/22,25125,24927,25125,24827,-0.0035
2010/06/23,24693,24848,25030,24635,-0.0172
2010/06/24,24525,24831,24883,24405,-0.0068
2010/06/25,24472,24380,24608,24337,-0.0022
2010/06/28,24538,24418,24583,24238,0.0027
2010/06/29,23808,24183,24199,23695,-0.0297
2010/06/30,23283,23763,23835,23283,-0.0221
2010/07/01,23130,23025,23497,22978,-0.0066
2010/07/02,23408,23290,23478,23056,0.012
2010/07/05,23228,23408,23483,23226,-0.0077
2010/07/06,23829,23357,23875,23345,0.0259
2010/07/07,23978,23606,23978,23536,0.0063
2010/07/08,24091,24274,24310,23976,0.0047
2010/07/09,24292,24237,24366,24136,0.0083
2010/07/12,24168,24181,24358,24045,-0.0051
2010/07/13,24530,24105,24607,24050,0.015
2010/07/14,24459,24690,24723,24293,-0.0029
2010/07/15,24478,24419,24738,24292,0.0008
2010/07/16,24358,24481,24918,24295,-0.0049
2010/07/19,24228,24362,24528,24185,-0.0053
2010/07/20,24395,24364,24459,23973,0.0069
2010/07/21,24809,24531,24872,24478,0.017
2010/07/22,25171,24643,25247,24615,0.0146
2010/07/23,25393,25205,25439,25144,0.0088
2010/07/26,25452,25500,25666,25302,0.0023
2010/07/27,25254,25435,25757,25173,-0.0078
2010/07/29,25280,25345,25437,25228,0.001
2010/07/30,25198,25255,25387,24929,-0.0032
2010/08/02,25795,25463,25848,25362,0.0237
2010/08/03,25651,25782,25890,25518,-0.0056
2010/08/04,25520,25515,25607,25366,-0.0051
2010/08/05,25423,25595,25672,25384,-0.0038
2010/08/06,25207,25530,25623,25131,-0.0085
2010/08/09,25210,25210,25210,25210,0.0001
2010/08/10,24865,25009,25009,24788,-0.0137
2010/08/11,24333,24705,24823,24295,-0.0214
2010/08/12,24395,24333,24435,24068,0.0025
2010/08/13,24455,24541,24629,24198,0.0025
2010/08/16,24473,24423,24514,24231,0.0007
2010/08/17,24628,24470,24652,24428,0.0063
2010/08/18,24212,24582,24590,24129,-0.0169
2010/08/19,23995,24327,24367,23928,-0.009
2010/08/20,23828,23941,24055,23701,-0.007
2010/08/23,24181,23958,24371,23842,0.0148
2010/08/24,23912,24033,24048,23718,-0.0111
2010/08/25,23327,23733,23907,23286,-0.0245
2010/08/26,23733,23463,23804,23376,0.0174
2010/08/27,23710,23668,23763,23466,-0.001
2010/08/30,23964,23905,24000,23863,0.0107
2010/08/31,24045,23625,24090,23568,0.0034
2010/09/01,24797,24241,24797,24103,0.0313
2010/09/02,24628,24691,24862,24591,-0.0068
2010/09/03,24804,24663,24924,24640,0.0071
2010/09/06,24815,24813,25001,24736,0.0004
2010/09/07,24543,24718,24828,24468,-0.011
2010/09/08,24815,24466,24853,24436,0.0111
2010/09/09,24865,24820,25116,24761,0.002
2010/09/10,24912,24782,24963,24780,0.0019
2010/09/13,25334,24921,25373,24921,0.0169
2010/09/14,25389,25323,25469,25236,0.0022
2010/09/15,25367,25373,25428,25175,-0.0009
2010/09/16,25635,25292,25636,25242,0.0106
2010/09/17,25445,25769,25867,25373,-0.0074
2010/09/20,25822,25468,25866,25460,0.0148
2010/09/21,25707,25845,25882,25679,-0.0045
2010/09/22,25678,25780,25871,25535,-0.0011
2010/09/23,25747,25775,25843,25561,0.0027
2010/09/27,25874,26055,26114,25874,0.0049
2010/09/28,26028,25886,26028,25728,0.006
2010/09/29,26033,26021,26158,25973,0.0002
2010/09/30,26203,25852,26413,25852,0.0065
2010/10/01,26218,26238,26341,26133,0.0006
2010/10/04,26178,26163,26347,26113,-0.0015
2010/10/05,26548,26235,26548,26098,0.0141
2010/10/06,26694,26604,26773,26594,0.0055
2010/10/07,26513,26663,26833,26433,-0.0068
2010/10/08,26643,26431,26683,26318,0.0049
2010/10/11,26783,26735,26820,26639,0.0053
2010/10/12,26781,26535,26823,26445,-0.0001
2010/10/13,27246,26869,27287,26814,0.0174
2010/10/14,27168,27308,27404,27034,-0.0029
2010/10/15,27048,27203,27244,26911,-0.0044
2010/10/18,27142,26853,27142,26766,0.0035
2010/10/19,26765,27110,27318,26765,-0.0139
2010/10/20,27016,26777,27060,26764,0.0094
2010/10/21,27257,26990,27340,26975,0.0089
2010/10/22,26985,27251,27285,26894,-0.01
2010/10/25,27172,27220,27308,27078,0.0069
2010/10/26,26937,27040,27110,26773,-0.0086
2010/10/27,26675,26925,26995,26675,-0.0097
2010/10/28,27070,26838,27108,26813,0.0148
2010/10/29,27242,26947,27286,26862,0.0064
2010/11/01,27301,27374,27460,27126,0.0022
2010/11/02,27375,27290,27418,27176,0.0027
2010/11/03,27488,27400,27663,27323,0.0041
2010/11/04,27990,27598,28032,27579,0.0183
2010/11/05,28079,28089,28123,27848,0.0032
2010/11/08,28148,28048,28148,27923,0.0025
2010/11/09,28403,28020,28403,28016,0.0091
2010/11/10,27978,28165,28272,27978,-0.015
2010/11/11,28415,28102,28415,28089,0.0156
2010/11/12,28266,28058,28409,27878,-0.0052
2010/11/15,28450,28201,28494,28081,0.0065
2010/11/16,28071,28448,28448,27985,-0.0133
2010/11/17,28045,27861,28045,27791,-0.0009
2010/11/18,28277,28196,28312,28095,0.0083
2010/11/19,28012,28271,28315,27875,-0.0094
2010/11/22,27892,28218,28288,27842,-0.0043
2010/11/23,27530,27746,27827,27447,-0.013
2010/11/24,27785,27610,27785,27391,0.0093
2010/11/25,27918,27833,27963,27806,0.0048
2010/11/26,27845,27816,27890,27504,-0.0026
2010/11/29,27328,27916,28118,27245,-0.0186
2010/11/30,27023,27376,27449,26896,-0.0112
2010/12/01,27383,27110,27479,27083,0.0133
2010/12/02,27789,27605,27833,27460,0.0148
2010/12/03,27993,27791,28085,27731,0.0073
2010/12/06,28288,28023,28333,28018,0.0105
2010/12/07,28298,28282,28532,28179,0.0004
2010/12/08,28247,28158,28442,28103,-0.0018
2010/12/09,28113,28393,28424,28113,-0.0047
2010/12/10,27966,28273,28273,27923,-0.0052
2010/12/13,28177,28130,28273,28038,0.0075
2010/12/14,28288,28220,28288,28161,0.0039
2010/12/15,28539,28190,28539,28178,0.0089
2010/12/16,28535,28535,28535,28535,-0.0001
2010/12/17,28396,28540,28612,28306,-0.0049
2010/12/20,28522,28277,28613,28267,0.0044
2010/12/21,28816,28590,28867,28590,0.0103
2010/12/22,28790,28820,28932,28745,-0.0009
2010/12/23,28792,28847,28871,28697,0.0001
2010/12/24,28787,28747,28836,28733,-0.0002
2010/12/28,28585,28739,28834,28585,-0.007
2010/12/29,28817,28680,28817,28631,0.0081
2010/12/30,28833,28745,28933,28745,0.0006
2010/12/31,28773,28835,28897,28773,-0.0021
2011/01/03,28916,28878,28960,28833,0.005
2011/01/04,29029,28931,29077,28879,0.0039
2011/01/05,28608,28935,28998,28467,-0.0145
2011/01/06,28733,28742,28779,28644,0.0044
2011/01/07,28586,28677,28684,28315,-0.0051
2011/01/10,28276,28495,28546,28233,-0.0108
2011/01/11,28905,28400,28905,28398,0.0222
2011/01/12,29213,28850,29267,28837,0.0107
2011/01/13,29240,29233,29348,29068,0.0009
2011/01/14,29317,29220,29362,29034,0.0026
2011/01/17,28917,29260,29260,28873,-0.0136
2011/01/18,29337,28920,29428,28920,0.0145
2011/01/19,29051,29362,29480,29051,-0.0097
2011/01/20,28456,28978,29020,28413,-0.0205
2011/01/21,28910,28588,28910,28476,0.016
2011/01/24,28573,28970,29010,28482,-0.0117
2011/01/25,28343,28747,28747,28301,-0.008
2011/01/26,28799,28526,28799,28423,0.0161
2011/01/27,28886,28751,28977,28743,0.003
2011/01/28,28318,28720,28720,28189,-0.0197
2011/01/31,28280,28138,28297,27927,-0.0013
2011/02/01,28743,28393,28743,28353,0.0164
2011/02/02,29376,28923,29434,28802,0.022
2011/02/03,29523,29298,29670,29259,0.005
2011/02/04,29845,29535,29917,29535,0.0109
2011/02/07,29793,29783,30010,29638,-0.0017
2011/02/08,29687,29820,29837,29536,-0.0036
2011/02/09,29552,29733,29789,29456,-0.0045
2011/02/10,29409,29480,29533,29161,-0.0048
2011/02/11,29974,29214,29974,29148,0.0192
2011/02/14,30005,30115,30180,29815,0.001
2011/02/15,29753,29973,30035,29708,-0.0084
2011/02/16,29638,29841,30031,29498,-0.0039
2011/02/17,29528,29703,29729,29483,-0.0037
2011/02/18,29334,29646,29655,29244,-0.0066
2011/02/21,29508,29265,29656,29235,0.0059
2011/02/22,29213,29258,29356,29082,-0.01
2011/02/23,28814,29126,29163,28672,-0.0137
2011/02/24,28433,28693,28734,28361,-0.0132
2011/02/25,28849,28633,28850,28275,0.0146
2011/02/28,29095,28918,29095,28511,0.0085
2011/03/01,28720,29160,29247,28675,-0.0129
2011/03/02,28688,28559,28787,28493,-0.0011
2011/03/03,29113,28872,29208,28723,0.0148
2011/03/04,29015,29225,29318,28971,-0.0034
2011/03/07,29213,28856,29355,28732,0.0068
2011/03/08,28828,29117,29133,28647,-0.0132
2011/03/09,28742,28892,29069,28641,-0.003
2011/03/10,27766,28475,28569,27684,-0.034
2011/03/11,27966,27759,28099,27363,0.0072
2011/03/14,27940,28055,28162,27845,-0.0009
2011/03/15,27315,27100,27472,27001,-0.0224
2011/03/16,27481,27498,27792,27385,0.0061
2011/03/17,27828,27464,27933,27404,0.0126
2011/03/18,27653,28016,28257,27607,-0.0063
2011/03/22,27878,27993,28216,27829,0.0081
2011/03/23,28355,27870,28407,27783,0.0171
2011/03/24,28756,28438,28798,28386,0.0141
2011/03/25,28648,28728,28993,28366,-0.0038
2011/03/28,28511,28553,28638,28373,-0.0048
2011/03/29,28938,28505,28938,28453,0.015
2011/03/30,29293,29021,29437,29021,0.0123
2011/03/31,29195,29331,29467,29146,-0.0033
2011/04/01,29494,29218,29494,29128,0.0102
2011/04/04,29503,29441,29595,29358,0.0003
2011/04/05,29758,29478,29758,29428,0.0086
2011/04/06,29888,29793,29933,29668,0.0044
2011/04/07,29595,29785,29900,29493,-0.0098
2011/04/08,29868,29765,29958,29727,0.0092
2011/04/11,29874,29785,29918,29775,0.0002
2011/04/12,29266,29664,29664,29266,-0.0204
2011/04/13,29398,29485,29582,29346,0.0045
2011/04/14,29422,29310,29496,29127,0.0008
2011/04/15,29228,29353,29462,29184,-0.0066
2011/04/18,28245,29152,29229,28156,-0.0336
2011/04/19,28726,28418,28896,28309,0.017
2011/04/20,29469,29006,29567,28974,0.0259
2011/04/21,29755,29598,29784,29512,0.0097
2011/04/22,29727,29727,29727,29727,-0.0009
2011/04/26,29653,29672,29806,29513,-0.0025
2011/04/28,29671,29738,29895,29248,0.0006
2011/04/29,29880,29526,29880,29454,0.007
2011/05/03,29334,29750,29788,29143,-0.0183
2011/05/04,28712,29075,29141,28628,-0.0212
2011/05/05,28348,28810,28939,28247,-0.0127
2011/05/06,28920,28355,28920,28196,0.0202
2011/05/09,28456,28845,28862,28398,-0.016
2011/05/10,28995,28465,29046,28405,0.0189
2011/05/11,28868,29113,29293,28821,-0.0044
2011/05/12,28638,28895,28895,28408,-0.008
2011/05/13,28718,28645,29069,28645,0.0028
2011/05/16,29138,28469,29138,28457,0.0146
2011/05/17,28640,28956,29096,28601,-0.0171
2011/05/18,28640,28640,28640,28640,0
2011/05/19,28793,28866,28976,28635,0.0053
2011/05/20,28711,28769,29163,28618,-0.0028
2011/05/23,28168,28422,28430,28038,-0.0189
2011/05/24,28546,28165,28623,28165,0.0134
2011/05/25,28699,28313,28743,28310,0.0054
2011/05/26,28863,28835,28978,28586,0.0057
2011/05/27,29243,28968,29289,28937,0.0132
2011/05/30,29193,29216,29338,29051,-0.0017
2011/05/31,29294,29438,29563,29294,0.0035
2011/06/01,29144,29400,29425,29057,-0.0051
2011/06/02,28538,28791,28818,28492,-0.0208
2011/06/03,28323,28568,28606,28098,-0.0075
2011/06/06,28385,28265,28385,28075,0.0022
2011/06/07,28446,28377,28578,28312,0.0021
2011/06/08,28168,28318,28368,28079,-0.0098
2011/06/09,28323,28170,28414,28079,0.0055
2011/06/10,27760,28295,28295,27718,-0.0199
2011/06/13,27889,27820,28021,27710,0.0046
2011/06/14,27980,27985,28115,27832,0.0033
2011/06/15,27708,27975,28093,27663,-0.0097
2011/06/16,27703,27703,27703,27703,-0.0002
2011/06/17,27326,27506,27540,27153,-0.0136
2011/06/20,27374,27126,27420,26999,0.0018
2011/06/21,27743,27483,27743,27389,0.0135
2011/06/22,27425,27731,27783,27381,-0.0115
2011/06/23,27051,27283,27362,27010,-0.0136
2011/06/24,27398,27311,27653,27274,0.0128
2011/06/27,27669,27225,27717,27168,0.0099
2011/06/28,28020,27748,28081,27542,0.0127
2011/06/29,28448,28111,28493,28066,0.0153
2011/06/30,28638,28510,28680,28375,0.0067
2011/07/01,28648,28553,28696,28378,0.0003
2011/07/04,28812,28663,28898,28626,0.0057
2011/07/05,28953,28798,29000,28658,0.0049
2011/07/06,28850,28992,29008,28687,-0.0036
2011/07/07,28973,28913,29016,28853,0.0043
2011/07/08,28639,29057,29149,28508,-0.0115
2011/07/11,28548,28561,28668,28416,-0.0032
2011/07/12,28609,28286,28650,28011,0.0021
2011/07/13,28982,28657,28982,28501,0.013
2011/07/14,28909,28766,29046,28686,-0.0025
2011/07/15,28987,28898,28987,28712,0.0027
2011/07/18,28527,28908,28908,28435,-0.0159
2011/07/19,28664,28630,28856,28592,0.0048
2011/07/20,28692,28875,28965,28557,0.001
2011/07/21,28678,28683,28793,28194,-0.0005
2011/07/22,28591,28840,28875,28456,-0.003
2011/07/25,28694,28425,28734,28368,0.0036
2011/07/26,28443,28760,28822,28354,-0.0087
2011/07/27,28134,28430,28534,28087,-0.0109
2011/07/28,28085,27880,28109,27823,-0.0017
2011/07/29,27779,27775,27987,27519,-0.0109
2011/08/01,27796,28060,28114,27655,0.0006
2011/08/02,27348,27733,27797,27305,-0.0161
2011/08/03,27027,27113,27428,26895,-0.0117
2011/08/04,26065,27210,27218,26020,-0.0356
2011/08/05,25834,25570,26165,25278,-0.0089
2011/08/08,25193,25390,25788,24983,-0.0248
2011/08/10,25228,25412,25893,25144,0.0014
2011/08/11,26154,25465,26282,25306,0.0367
2011/08/12,26640,26258,26819,25964,0.0186
2011/08/15,26798,26867,26933,26537,0.0059
2011/08/16,26703,26660,26747,26412,-0.0035
2011/08/17,26854,26718,27025,26371,0.0057
2011/08/18,25736,26635,26733,25736,-0.0416
2011/08/19,25836,25665,26101,25428,0.0039
2011/08/22,26086,25715,26354,25647,0.0097
2011/08/23,25928,26330,26423,25692,-0.0061
2011/08/24,26292,25985,26465,25807,0.014
2011/08/25,26065,26452,26647,25917,-0.0086
2011/08/26,26124,26066,26242,25590,0.0023
2011/08/29,26956,26403,26998,26403,0.0318
2011/08/30,27135,27070,27135,26807,0.0066
2011/08/31,27436,27143,27647,27028,0.0111
2011/09/01,27675,27515,27790,27131,0.0087
2011/09/02,27050,27427,27475,26828,-0.0226
2011/09/05,26517,26695,26751,26388,-0.0197
2011/09/06,26179,26383,26798,25986,-0.0127
2011/09/07,27273,26630,27273,26553,0.0418
2011/09/08,27478,27256,27611,26976,0.0075
2011/09/09,26757,27485,27573,26757,-0.0262
2011/09/12,27068,26458,27068,26432,0.0116
2011/09/13,26948,27125,27270,26333,-0.0044
2011/09/14,27493,26973,27493,26610,0.0202
2011/09/15,28005,27520,28052,27455,0.0186
2011/09/16,27989,28158,28193,27737,-0.0006
2011/09/19,27913,27685,27955,27614,-0.0027
2011/09/20,28303,27902,28349,27704,0.014
2011/09/21,28226,28193,28553,28134,-0.0027
2011/09/22,27137,27773,27963,27137,-0.0386
2011/09/23,27063,27270,27387,26668,-0.0027
2011/09/26,26741,26685,27061,26443,-0.0119
2011/09/27,27636,26716,27721,26716,0.0335
2011/09/28,27193,27540,27866,27108,-0.016
2011/09/29,26705,27070,27355,26488,-0.0179
2011/09/30,26526,26590,26597,26169,-0.0067
2011/10/03,26840,25940,26840,25865,0.0118
2011/10/04,25955,26415,26548,25726,-0.033
2011/10/05,26177,26336,26419,25918,0.0086
2011/10/06,26944,26538,27048,26490,0.0293
2011/10/07,27185,27148,27412,26990,0.0089
2011/10/10,27873,27335,27952,27246,0.0253
2011/10/11,27743,27874,27958,27563,-0.0047
2011/10/12,28062,27755,28231,27589,0.0115
2011/10/13,27763,28010,28188,27715,-0.0107
2011/10/14,27956,27907,28218,27686,0.007
2011/10/17,28043,28233,28366,27828,0.0031
2011/10/18,27910,27774,27969,27680,-0.0047
2011/10/19,28127,28113,28212,27880,0.0078
2011/10/20,27797,27836,28003,27533,-0.0117
2011/10/21,28288,27829,28375,27711,0.0177
2011/10/24,28608,28470,28703,28284,0.0113
2011/10/25,28503,28527,28807,28242,-0.0037
2011/10/26,28725,28521,28907,28501,0.0078
2011/10/27,29303,29140,29406,29040,0.0201
2011/10/28,29815,29344,29815,29308,0.0175
2011/10/31,29148,29617,29617,29103,-0.0224
2011/11/01,28571,28978,28978,28357,-0.0198
2011/11/02,29011,28678,29062,28428,0.0154
2011/11/03,29064,29013,29108,28604,0.0018
2011/11/04,28672,29305,29306,28522,-0.0135
2011/11/07,29303,28775,29344,28526,0.022
2011/11/08,29334,29260,29538,29088,0.0011
2011/11/09,28777,29520,29638,28642,-0.019
2011/11/10,28989,28546,29109,28406,0.0074
2011/11/11,28986,29133,29133,28628,-0.0001
2011/11/14,29134,29126,29341,28893,0.0051
2011/11/15,29378,28979,29417,28913,0.0084
2011/11/16,29453,29215,29569,29081,0.0026
2011/11/17,29091,29308,29415,28914,-0.0123
2011/11/18,28393,28859,28859,28393,-0.024
2011/11/21,27708,28291,28482,27666,-0.0241
2011/11/22,28022,27783,28108,27745,0.0113
2011/11/23,27685,27626,27794,27476,-0.012
2011/11/24,27861,27611,28039,27611,0.0064
2011/11/25,27898,27746,27959,27449,0.0013
2011/11/28,28686,28112,28686,27876,0.0282
2011/11/29,28465,28598,28645,28141,-0.0077
2011/11/30,29390,28209,29568,28155,0.0325
2011/12/01,29554,29566,29566,29061,0.0056
2011/12/02,29293,29523,29587,29157,-0.0088
2011/12/05,29495,29368,29576,29267,0.0069
2011/12/06,29469,29532,29532,29187,-0.0009
2011/12/07,29283,29480,29568,29278,-0.0063
2011/12/08,29343,29289,29646,29251,0.002
2011/12/09,29207,29098,29309,28917,-0.0046
2011/12/12,28913,29198,29459,28913,-0.0101
2011/12/13,28883,28650,29170,28650,-0.001
2011/12/14,28399,28853,28969,28355,-0.0168
2011/12/15,28690,28319,28847,28219,0.0102
2011/12/19,28333,28475,28605,28279,-0.0124
2011/12/20,28538,28380,28538,28213,0.0072
2011/12/21,28362,28566,28777,28209,-0.0062
2011/12/22,28546,28350,28636,28335,0.0065
2011/12/23,28808,28715,28885,28666,0.0092
2011/12/26,28825,28825,28825,28825,0.0006
2011/12/28,28692,28816,28938,28692,-0.0046
2011/12/29,28566,28690,28699,28381,-0.0044
2011/12/30,28577,28580,28746,28532,0.0004
2012/01/02,28543,28543,28543,28543,-0.0012
2012/01/03,29507,28711,29514,28711,0.0338
2012/01/04,29453,29378,29654,29326,-0.0018
2012/01/05,29208,29471,29486,29113,-0.0083
2012/01/06,29317,29185,29537,29175,0.0037
2012/01/09,29384,29290,29481,29194,0.0023
2012/01/10,29740,29492,29740,29408,0.0121
2012/01/11,29403,29637,29733,29357,-0.0113
2012/01/12,29526,29461,29688,29356,0.0042
2012/01/13,29353,29635,29762,29353,-0.0059
2012/01/16,29806,29305,29806,29305,0.0154
2012/01/17,29895,29905,30047,29846,0.003
2012/01/18,30183,29904,30183,29748,0.0096
2012/01/19,30085,30182,30237,29987,-0.0032
2012/01/20,30310,30098,30314,29967,0.0075
2012/01/23,30481,30241,30527,30108,0.0056
2012/01/24,30295,30400,30420,30131,-0.0061
2012/01/25,30251,30393,30437,30009,-0.0015
2012/01/26,30527,30416,30632,30371,0.0091
2012/01/27,30455,30457,30589,30316,-0.0024
2012/01/30,30061,30295,30314,29943,-0.0129
2012/01/31,30218,30232,30482,30161,0.0052
2012/02/01,30731,30124,30734,30113,0.017
2012/02/02,30881,30691,30907,30635,0.0049
2012/02/03,30856,30829,30872,30614,-0.0008
2012/02/06,30578,30784,30845,30515,-0.009
2012/02/07,30443,30663,30663,30283,-0.0044
2012/02/08,30592,30565,30672,30469,0.0049
2012/02/09,30547,30578,30721,30422,-0.0015
2012/02/10,30278,30510,30545,30163,-0.0088
2012/02/13,30555,30485,30608,30361,0.0091
2012/02/14,30485,30450,30625,30397,-0.0023
2012/02/15,30405,30485,30667,30369,-0.0026
2012/02/16,30168,30225,30291,29989,-0.0078
2012/02/17,30374,30326,30396,30256,0.0068
2012/02/20,30424,30506,30548,30342,0.0016
2012/02/21,30487,30450,30500,30328,0.0021
2012/02/22,30258,30483,30533,30179,-0.0075
2012/02/23,30467,30258,30508,30188,0.0069
2012/02/24,30495,30518,30592,30356,0.0009
2012/02/27,30243,30485,30485,30106,-0.0083
2012/02/28,30524,30376,30556,30318,0.0093
2012/02/29,30531,30590,30660,30430,0.0002
2012/03/01,30472,30365,30562,30212,-0.0019
2012/03/02,30424,30588,30588,30263,-0.0016
2012/03/05,30302,30310,30370,30170,-0.004
2012/03/06,29642,30169,30169,29485,-0.0218
2012/03/07,29858,29510,29938,29510,0.0073
2012/03/08,29988,29990,30090,29781,0.0044
2012/03/09,30098,30039,30190,29962,0.0037
2012/03/12,30103,30005,30271,29995,0.0002
2012/03/13,30307,30259,30390,30177,0.0068
2012/03/14,30563,30487,30625,30440,0.0084
2012/03/15,30531,30561,30730,30500,-0.001
2012/03/16,30575,30575,30768,30566,0.0014
2012/03/19,30515,30631,30700,30352,-0.002
2012/03/20,30157,30495,30495,30110,-0.0117
2012/03/22,29823,30120,30236,29743,-0.0111
2012/03/23,29737,29880,29940,29550,-0.0029
2012/03/26,30088,29845,30138,29782,0.0118
2012/03/27,30227,30203,30405,30176,0.0046
2012/03/28,29938,30148,30218,29860,-0.0096
2012/03/29,29813,29875,30000,29647,-0.0042
2012/03/30,29847,29916,30039,29785,0.0011
2012/04/02,30240,29900,30370,29851,0.0132
2012/04/03,30433,30302,30469,30180,0.0064
2012/04/04,29629,30275,30275,29566,-0.0264
2012/04/05,29971,29676,30038,29432,0.0115
2012/04/10,29873,29805,30059,29710,-0.0033
2012/04/11,29909,29700,29981,29634,0.0012
2012/04/12,30050,29919,30097,29716,0.0047
2012/04/13,29926,30050,30144,29800,-0.0041
2012/04/16,29934,29770,30019,29731,0.0003
2012/04/17,30063,29870,30097,29788,0.0043
2012/04/18,30306,30110,30342,30110,0.0081
2012/04/19,30351,30277,30461,30220,0.0015
2012/04/20,30438,30262,30497,30180,0.0029
2012/04/23,29878,30390,30395,29860,-0.0184
2012/04/24,30055,30005,30115,29942,0.0059
2012/04/25,30266,30094,30305,30094,0.007
2012/04/26,30394,30201,30437,30201,0.0042
2012/04/30,30579,30526,30665,30453,0.0061
2012/05/02,30638,30715,30807,30508,0.0019
2012/05/03,30524,30629,30756,30470,-0.0037
2012/05/04,30203,30430,30495,30155,-0.0105
2012/05/07,30064,29888,30114,29801,-0.0046
2012/05/08,29628,30018,30040,29555,-0.0145
2012/05/09,29599,29705,29789,29446,-0.001
2012/05/10,30047,29670,30094,29670,0.0151
2012/05/11,30256,29944,30338,29860,0.007
2012/05/14,29717,30169,30180,29640,-0.0178
2012/05/15,29633,29830,30030,29540,-0.0028
2012/05/16,29991,29410,30081,29205,0.0121
2012/05/17,29688,29874,29965,29441,-0.0101
2012/05/18,29276,29320,29419,29170,-0.0139
2012/05/21,29239,29220,29349,29120,-0.0013
2012/05/22,29673,29302,29715,29302,0.0148
2012/05/23,29033,29455,29494,29002,-0.0216
2012/05/24,29232,29215,29326,29035,0.0069
2012/05/25,29164,29250,29378,28872,-0.0023
2012/05/28,29330,29266,29490,29192,0.0057
2012/05/29,29622,29414,29630,29320,0.01
2012/05/30,29112,29505,29529,29091,-0.0172
2012/05/31,29266,29235,29430,29175,0.0053
2012/06/01,29193,29261,29348,28981,-0.0025
2012/06/04,29181,28890,29300,28861,-0.0004
2012/06/05,29192,29230,29350,29150,0.0004
2012/06/06,29710,29341,29770,29235,0.0177
2012/06/07,30008,29781,30164,29701,0.01
2012/06/08,29727,29830,29919,29601,-0.0094
2012/06/11,29671,30120,30200,29600,-0.0019
2012/06/12,29908,29600,30005,29566,0.008
2012/06/13,30027,30015,30079,29830,0.004
2012/06/14,29846,30000,30010,29690,-0.006
2012/06/15,29966,29990,30035,29813,0.004
2012/06/18,30505,30250,30579,30090,0.018
2012/06/19,30697,30496,30718,30385,0.0063
2012/06/20,30749,30634,30809,30605,0.0017
2012/06/21,30691,30650,30710,30613,-0.0019
2012/06/22,30034,30250,30320,30009,-0.0214
2012/06/25,29806,30056,30185,29757,-0.0076
2012/06/26,29782,29806,29936,29705,-0.0008
2012/06/27,29667,29830,29941,29480,-0.0039
2012/06/28,29143,29721,29759,29119,-0.0177
2012/06/29,29546,29500,29625,29270,0.0138
2012/07/02,29445,29511,29666,29375,-0.0034
2012/07/03,29844,29550,29911,29485,0.0136
2012/07/04,29877,29881,29941,29770,0.0011
2012/07/05,30095,29869,30188,29820,0.0073
2012/07/06,29988,30070,30230,29931,-0.0036
2012/07/09,29721,29911,29944,29675,-0.0089
2012/07/10,29730,29698,29950,29608,0.0003
2012/07/11,29514,29689,29714,29450,-0.0073
2012/07/12,29179,29366,29400,29140,-0.0114
2012/07/13,29541,29321,29625,29252,0.0124
2012/07/16,29447,29550,29598,29400,-0.0032
2012/07/17,29418,29590,29645,29380,-0.001
2012/07/18,29811,29499,29830,29390,0.0134
2012/07/19,30032,29900,30111,29778,0.0074
2012/07/20,29917,29979,30138,29890,-0.0038
2012/07/23,29567,29750,29790,29433,-0.0117
2012/07/24,29730,29650,29860,29526,0.0055
2012/07/25,29791,29620,29939,29600,0.0021
2012/07/26,30065,29840,30117,29600,0.0092
2012/07/27,30410,30101,30425,30048,0.0115
2012/07/30,30638,30455,30688,30350,0.0075
2012/07/31,30230,30679,30686,30188,-0.0133
2012/08/01,30704,30245,30779,30205,0.0157
2012/08/02,30661,30799,30875,30510,-0.0014
2012/08/03,30898,30579,31005,30545,0.0077
2012/08/06,31045,30970,31075,30770,0.0048
2012/08/07,31133,31029,31239,30977,0.0028
2012/08/08,31160,31120,31400,31034,0.0009
2012/08/10,31213,31085,31234,30990,0.0017
2012/08/13,31138,31160,31268,31080,-0.0024
2012/08/14,31250,31260,31370,31140,0.0036
2012/08/15,31214,31175,31275,31081,-0.0012
2012/08/16,31417,31256,31465,31175,0.0065
2012/08/17,31283,31485,31514,31238,-0.0043
2012/08/20,31226,31313,31471,31184,-0.0018
2012/08/21,31557,31297,31595,31297,0.0106
2012/08/22,31277,31450,31450,31256,-0.0089
2012/08/23,31447,31360,31546,31353,0.0054
2012/08/24,31472,31395,31570,31306,0.0008
2012/08/27,31569,31500,31642,31500,0.0031
2012/08/28,31428,31550,31621,31354,-0.0045
2012/08/29,31357,31426,31521,31211,-0.0023
2012/08/30,31029,31295,31330,30992,-0.0105
2012/08/31,31092,31085,31216,30885,0.002
2012/09/03,31148,31033,31326,30991,0.0018
2012/09/04,30838,31202,31273,30791,-0.01
2012/09/05,30777,30830,30930,30681,-0.002
2012/09/06,31425,30870,31459,30870,0.0211
2012/09/07,31452,31432,31486,31313,0.0009
2012/09/10,31376,31366,31560,31350,-0.0024
2012/09/11,31288,31289,31335,31035,-0.0028
2012/09/12,31546,31350,31636,31275,0.0082
2012/09/13,31682,31475,31775,31422,0.0043
2012/09/14,32352,31980,32398,31980,0.0211
2012/09/17,32127,32270,32337,32016,-0.007
2012/09/18,32197,32052,32250,31999,0.0022
2012/09/19,32218,32301,32386,32181,0.0007
2012/09/20,32080,32199,32199,32079,-0.0043
2012/09/21,32202,32460,32499,32173,0.0038
2012/09/25,32112,32203,32205,32015,-0.0028
2012/09/26,31454,31965,32037,31414,-0.0205
2012/09/27,31650,31610,31753,31566,0.0062
2012/09/28,31786,31770,31885,31617,0.0043
2012/10/01,32340,31712,32406,31705,0.0174
2012/10/02,32277,32269,32476,32058,-0.0019
2012/10/03,32123,32211,32278,32090,-0.0048
2012/10/04,32240,32195,32330,32070,0.0036
2012/10/05,32558,32340,32695,32312,0.0099
2012/10/08,32416,32487,32604,32333,-0.0044
2012/10/09,32204,32438,32515,32140,-0.0065
2012/10/10,32304,32128,32319,32090,0.0031
2012/10/11,32609,32195,32685,32157,0.0094
2012/10/12,32521,32514,32630,32432,-0.0027
2012/10/15,32698,32455,32777,32440,0.0054
2012/10/16,32988,32770,33025,32712,0.0089
2012/10/17,33288,33015,33379,32935,0.0091
2012/10/18,33071,33317,33317,33030,-0.0065
2012/10/19,32856,33040,33045,32755,-0.0065
2012/10/22,33026,32780,33118,32750,0.0052
2012/10/23,32753,33033,33100,32692,-0.0083
2012/10/24,32981,32821,33015,32630,0.007
2012/10/25,33023,32956,33186,32956,0.0013
2012/10/26,32939,32865,33080,32782,-0.0025
2012/10/29,32910,33020,33020,32732,-0.0009
2012/10/30,33194,32825,33215,32796,0.0086
2012/10/31,33167,33219,33335,33102,-0.0008
2012/11/01,33424,33135,33428,33019,0.0077
2012/11/02,33669,33371,33712,33315,0.0073
2012/11/05,33606,33575,33669,33489,-0.0019
2012/11/06,33587,33685,33745,33498,-0.0006
2012/11/07,33448,33600,33687,33302,-0.0041
2012/11/08,33541,33330,33599,33320,0.0028
2012/11/09,33254,33420,33534,33131,-0.0086
2012/11/12,33372,33320,33487,33241,0.0035
2012/11/13,33303,33240,33384,33101,-0.0021
2012/11/14,33175,33345,33435,33120,-0.0038
2012/11/15,32964,32980,33059,32904,-0.0064
2012/11/16,32731,32920,32980,32684,-0.0071
2012/11/19,33138,32845,33191,32836,0.0124
2012/11/20,33239,33195,33325,33086,0.003
2012/11/21,33373,33240,33440,33214,0.004
2012/11/22,33768,33458,33865,33450,0.0118
2012/11/23,33757,33739,33789,33521,-0.0003
2012/11/26,33626,33747,33765,33550,-0.0039
2012/11/27,33664,33688,33830,33572,0.0011
2012/11/28,33300,33505,33609,33286,-0.0108
2012/11/29,33742,33590,33792,33521,0.0133
2012/11/30,33942,33723,33980,33626,0.0059
2012/12/03,33855,33920,33958,33750,-0.0026
2012/12/04,33788,33801,33930,33750,-0.002
2012/12/05,33991,33856,34090,33834,0.006
2012/12/06,34032,34049,34180,33919,0.0012
2012/12/07,33935,34045,34115,33835,-0.0029
2012/12/10,34151,33980,34160,33765,0.0064
2012/12/11,34274,34115,34302,34041,0.0036
2012/12/12,34432,34300,34495,34190,0.0046
2012/12/13,34346,34425,34479,34250,-0.0025
2012/12/14,34307,34380,34498,34210,-0.0011
2012/12/17,34533,34533,34533,34533,0.0066
2012/12/18,34463,34450,34529,34350,-0.002
2012/12/19,34734,34550,34772,34510,0.0079
2012/12/20,35053,34578,35055,34578,0.0092
2012/12/21,34933,34880,35051,34818,-0.0034
2012/12/24,34993,34876,35005,34870,0.0017
2012/12/26,35002,35002,35002,35002,0.0003
2012/12/27,35129,34926,35200,34926,0.0036
2012/12/28,35062,35130,35141,34973,-0.0019
2012/12/31,35093,35039,35092,34897,0.0009
2013/01/02,35815,35266,35838,35266,0.0206
2013/01/03,35962,35820,35987,35625,0.0041
2013/01/04,35888,35900,35970,35812,-0.0021
2013/01/07,35807,35905,35930,35759,-0.0023
2013/01/08,35736,35790,35870,35672,-0.002
2013/01/09,35952,35755,35977,35755,0.006
2013/01/10,35947,36000,36072,35793,-0.0001
2013/01/11,35914,35915,35990,35822,-0.0009
2013/01/14,35805,35960,36048,35750,-0.003
2013/01/15,35655,35799,35929,35486,-0.0042
2013/01/16,35604,35601,35820,35502,-0.0014
2013/01/17,35675,35655,35770,35530,0.002
2013/01/18,35838,35800,35899,35777,0.0046
2013/01/21,35673,35800,35858,35499,-0.0046
2013/01/22,35542,35675,35700,35317,-0.0037
2013/01/23,35834,35590,35900,35565,0.0082
2013/01/24,36220,35825,36269,35795,0.0108
2013/01/25,36116,36181,36215,36016,-0.0029
2013/01/28,36172,36140,36190,35900,0.0016
2013/01/29,36270,36205,36350,36141,0.0027
2013/01/30,36138,36357,36415,36091,-0.0036
2013/01/31,36160,36085,36200,35903,0.0006
2013/02/01,36268,36165,36410,36150,0.003
2013/02/04,36175,36310,36400,36130,-0.0026
2013/02/05,36278,36130,36336,36062,0.0028
2013/02/06,36130,36345,36379,36020,-0.0041
2013/02/07,36290,36155,36410,36142,0.0044
2013/02/08,36433,36298,36580,36272,0.0039
2013/02/11,36394,36460,36549,36331,-0.0011
2013/02/12,36255,36339,36429,36172,-0.0038
2013/02/13,36348,36305,36390,36185,0.0026
2013/02/14,36252,36325,36345,36010,-0.0026
2013/02/15,36222,36182,36323,36133,-0.0008
2013/02/18,36039,36200,36249,35915,-0.0051
2013/02/19,36268,36060,36301,36052,0.0064
2013/02/20,35958,36260,36265,35799,-0.0085
2013/02/21,35089,35699,35780,35024,-0.0242
2013/02/22,35132,35200,35355,35049,0.0012
2013/02/25,35295,35248,35525,35199,0.0046
2013/02/26,35067,34980,35105,34836,-0.0065
2013/02/27,34752,35039,35118,34465,-0.009
2013/02/28,35120,35033,35200,34845,0.0106
2013/03/01,35555,35141,35670,35020,0.0124
2013/03/04,35333,35519,35519,35263,-0.0062
2013/03/05,36058,35400,36149,35400,0.0205
2013/03/06,35897,36058,36180,35850,-0.0045
2013/03/07,36140,35950,36190,35809,0.0068
2013/03/08,36108,36111,36379,36044,-0.0009
2013/03/11,36382,36150,36443,36136,0.0076
2013/03/12,36368,36330,36450,36211,-0.0004
2013/03/13,36313,36350,36445,36240,-0.0015
2013/03/14,36357,36330,36501,36259,0.0012
2013/03/15,36182,36460,36530,36159,-0.0048
2013/03/18,35958,35920,36070,35730,-0.0062
2013/03/19,35801,35999,36039,35695,-0.0044
2013/03/20,35849,35860,35989,35800,0.0013
2013/03/21,35959,35959,35959,35959,0.0031
2013/03/22,35787,35830,35980,35680,-0.0048
2013/03/25,35716,35900,35968,35571,-0.002
2013/03/26,35949,35660,36000,35660,0.0065
2013/03/27,35538,35965,36108,35375,-0.0114
2013/03/28,35514,35589,35654,35430,-0.0007
2013/04/02,35648,35493,35800,35385,0.0038
2013/04/03,35004,35680,35680,34865,-0.0181
2013/04/04,34652,34862,35175,34616,-0.0101
2013/04/05,34170,34671,34768,33969,-0.0139
2013/04/08,34222,34231,34428,34118,0.0015
2013/04/09,34143,34332,34439,33976,-0.0023
2013/04/10,34643,34299,34661,34205,0.0146
2013/04/11,34657,34589,34738,34415,0.0004
2013/04/12,34075,34598,34598,33985,-0.0168
2013/04/15,33699,33898,33990,33356,-0.011
2013/04/16,34099,33750,34191,33656,0.0119
2013/04/17,33421,34200,34235,33377,-0.0199
2013/04/18,33501,33299,33695,33299,0.0024
2013/04/19,34069,33601,34156,33601,0.017
2013/04/22,33813,34161,34310,33648,-0.0075
2013/04/23,34399,33780,34543,33714,0.0173
2013/04/24,34424,34486,34562,34195,0.0007
2013/04/25,34725,34478,34929,34337,0.0087
2013/04/26,34664,34671,34855,34555,-0.0018
2013/04/29,34556,34670,34818,34413,-0.0031
2013/04/30,34256,34640,34730,34144,-0.0087
2013/05/02,34588,34161,34663,34106,0.0097
2013/05/03,35178,34572,35250,34403,0.0171
2013/05/06,35403,35200,35500,35200,0.0064
2013/05/07,35415,35424,35689,35320,0.0003
2013/05/08,36031,35448,36077,35448,0.0174
2013/05/09,35850,35995,36244,35820,-0.005
2013/05/10,35761,35940,36134,35633,-0.0025
2013/05/13,35913,35800,36001,35641,0.0043
2013/05/14,36243,36003,36261,35796,0.0092
2013/05/15,36498,36244,36570,36150,0.007
2013/05/16,36962,36500,37055,36420,0.0127
2013/05/17,36945,36939,37179,36850,-0.0005
2013/05/20,36719,37166,37230,36333,-0.0061
2013/05/21,37487,36839,37545,36727,0.0209
2013/05/22,37469,37489,37681,36999,-0.0005
2013/05/23,36451,36985,37049,36292,-0.0272
2013/05/24,36616,36510,36750,36275,0.0045
2013/05/27,37043,36685,37140,36594,0.0117
2013/05/28,37552,37150,37604,36890,0.0137
2013/05/29,36858,37410,37490,36830,-0.0185
2013/05/30,37593,36651,37675,36650,0.0199
2013/05/31,37659,37520,37794,37364,0.0018
2013/06/03,36596,37385,37397,36499,-0.0282
2013/06/04,36425,36761,36950,36396,-0.0047
2013/06/05,36365,36350,36485,36125,-0.0016
2013/06/06,35905,36250,36335,35799,-0.0126
2013/06/07,36444,35970,36491,35640,0.015
2013/06/10,36501,36483,36763,36395,0.0016
2013/06/11,35262,36452,36469,35233,-0.0339
2013/06/12,35406,35352,35620,35055,0.0041
2013/06/13,35480,34985,35530,34683,0.0021
2013/06/14,35848,35740,36081,35400,0.0104
2013/06/17,36043,36043,36043,36043,0.0054
2013/06/18,36603,36021,36630,35896,0.0155
2013/06/19,36369,36626,36730,36094,-0.0064
2013/06/20,35789,35900,35936,35500,-0.0159
2013/06/21,34642,35205,35420,34560,-0.032
2013/06/24,33715,34365,34498,33564,-0.0268
2013/06/25,34090,33805,34215,33442,0.0111
2013/06/26,34519,34050,34556,33818,0.0126
2013/06/27,34595,34565,34714,34097,0.0022
2013/06/28,34805,34670,35164,34486,0.0061
2013/07/01,35345,34759,35594,34550,0.0155
2013/07/02,35185,35335,35460,35060,-0.0045
2013/07/03,34776,35005,35040,34522,-0.0116
2013/07/04,35422,34979,35525,34900,0.0186
2013/07/05,34579,35545,35576,34533,-0.0238
2013/07/08,35249,34730,35365,34639,0.0194
2013/07/09,35198,35302,35660,35114,-0.0014
2013/07/10,35111,35156,35438,34792,-0.0025
2013/07/11,35992,35600,36130,35600,0.0251
2013/07/12,36118,36120,36340,36045,0.0035
2013/07/15,36082,36244,36494,36008,-0.001
2013/07/16,35738,36100,36265,35598,-0.0095
2013/07/17,36305,35813,36368,35803,0.0159
2013/07/18,36452,36240,36464,35940,0.004
2013/07/19,35948,36302,36317,35900,-0.0138
2013/07/22,36263,36150,36330,35908,0.0088
2013/07/23,36478,36390,36615,36332,0.0059
2013/07/24,36241,36470,36577,36060,-0.0065
2013/07/25,36072,36250,36339,35720,-0.0047
2013/07/26,35863,36150,36289,35750,-0.0058
2013/07/29,36214,35935,36310,35874,0.0098
2013/07/30,36345,36214,36510,36125,0.0036
2013/07/31,36654,36325,36720,36135,0.0085
2013/08/01,37275,36720,37326,36620,0.0169
2013/08/02,37093,37351,37490,37045,-0.0049
2013/08/05,37116,37145,37340,36900,0.0006
2013/08/06,36927,37060,37260,36900,-0.0051
2013/08/07,36960,36800,37011,36675,0.0009
2013/08/08,37092,37049,37280,36969,0.0036
2013/08/09,37129,37129,37129,37129,0.001
2013/08/12,37954,37394,37970,37360,0.0222
2013/08/13,38088,38000,38170,37854,0.0035
2013/08/14,38407,38160,38472,38100,0.0084
2013/08/15,37935,38379,38425,37874,-0.0123
2013/08/16,38530,38051,38569,38050,0.0157
2013/08/19,38327,38530,38558,38240,-0.0053
2013/08/20,38246,38200,38354,37921,-0.0021
2013/08/21,38248,38248,38339,38051,0.0001
2013/08/22,38486,38043,38545,38030,0.0062
2013/08/23,38498,38477,38585,38248,0.0003
2013/08/26,38800,38511,38850,38487,0.0078
2013/08/27,38527,38750,38823,38320,-0.007
2013/08/28,37856,38424,38427,37815,-0.0174
2013/08/29,37946,37861,38251,37784,0.0024
2013/08/30,37665,38005,38145,37465,-0.0074
2013/09/02,38285,37950,38368,37921,0.0165
2013/09/03,38493,38300,38658,38255,0.0054
2013/09/04,38108,38400,38400,37910,-0.01
2013/09/05,38323,38268,38520,38175,0.0056
2013/09/06,38383,38310,38530,38055,0.0016
2013/09/09,38313,38490,38560,38194,-0.0018
2013/09/10,39043,38505,39111,38431,0.0191
2013/09/11,38883,39060,39060,38800,-0.0041
2013/09/12,39195,38974,39245,38780,0.008
2013/09/13,39009,39100,39129,38900,-0.0047
2013/09/16,39076,39400,39449,38958,0.0017
2013/09/17,39204,38970,39259,38941,0.0033
2013/09/18,38842,39152,39230,38785,-0.0092
2013/09/19,39882,39440,39950,39330,0.0268
2013/09/20,39920,39910,40069,39780,0.001
2013/09/23,39767,39788,39897,39715,-0.0038
2013/09/25,40129,39705,40155,39635,0.0091
2013/09/26,40070,40125,40326,40000,-0.0015
2013/09/27,40096,40102,40278,39928,0.0006
2013/09/30,39748,39851,39860,39577,-0.0087
2013/10/01,39683,39700,39748,39460,-0.0016
2013/10/02,39641,39683,39840,39429,-0.0011
2013/10/03,39608,39700,39895,39483,-0.0008
2013/10/04,39562,39478,39693,39260,-0.0012
2013/10/07,39381,39402,39475,39260,-0.0046
2013/10/08,38895,39375,39400,38819,-0.0123
2013/10/09,38431,38861,38895,38368,-0.0119
2013/10/10,38937,38450,38963,38410,0.0132
2013/10/11,39230,39060,39270,38995,0.0075
2013/10/14,39341,39089,39430,38892,0.0028
2013/10/15,39950,39501,40010,39470,0.0155
2013/10/16,39981,39895,40158,39766,0.0008
2013/10/17,40065,39980,40224,39876,0.0021
2013/10/18,40165,40239,40312,40105,0.0025
2013/10/21,40355,40300,40490,40282,0.0047
2013/10/22,40844,40377,40956,40360,0.0121
2013/10/23,40507,40760,40760,40422,-0.0083
2013/10/24,40484,40740,40750,40365,-0.0006
2013/10/25,40595,40500,40655,40400,0.0027
2013/10/28,40813,40750,40911,40735,0.0054
2013/10/29,40842,40795,41004,40638,0.0007
2013/10/30,40972,40945,41095,40844,0.0032
2013/10/31,40870,40783,41055,40735,-0.0025
2013/11/01,40946,40885,41080,40777,0.0019
2013/11/04,41070,40945,41117,40890,0.003
2013/11/05,41109,41100,41389,41067,0.0009
2013/11/06,41534,41230,41604,41230,0.0103
2013/11/07,41428,41550,41696,41314,-0.0026
2013/11/08,40893,41177,41229,40747,-0.0129
2013/11/11,40948,41070,41188,40820,0.0013
2013/11/12,40915,41007,41065,40755,-0.0008
2013/11/13,40121,40679,40757,39980,-0.0194
2013/11/14,40365,40375,40802,40250,0.0061
2013/11/15,40594,40569,40775,40384,0.0057
2013/11/18,40770,40670,40840,40480,0.0043
2013/11/19,40483,40679,40694,40220,-0.007
2013/11/20,40544,40450,40636,40310,0.0015
2013/11/21,40077,40350,40350,39926,-0.0115
2013/11/22,39766,40125,40200,39481,-0.0078
2013/11/25,39898,39862,40147,39834,0.0033
2013/11/26,39342,39879,39879,39275,-0.0139
2013/11/27,39897,39315,39952,39300,0.0141
2013/11/28,40378,39925,40410,39920,0.0121
2013/11/29,40314,40257,40363,40080,-0.0016
2013/12/02,39959,40177,40275,39951,-0.0088
2013/12/03,39281,39827,39827,39201,-0.017
2013/12/04,39337,39390,39735,39276,0.0014
2013/12/05,39697,39390,39975,39292,0.0092
2013/12/06,39995,39700,40178,39550,0.0075
2013/12/09,40129,40200,40290,39726,0.0034
2013/12/10,39993,40129,40275,39801,-0.0034
2013/12/11,39756,39900,40020,39606,-0.0059
2013/12/12,38636,39305,39396,38600,-0.0282
2013/12/13,38583,38870,38985,38275,-0.0014
2013/12/17,39113,38995,39284,38731,0.0137
2013/12/18,39190,39150,39318,38998,0.002
2013/12/19,39667,39700,39805,39569,0.0122
2013/12/20,40084,39950,40125,39787,0.0105
2013/12/23,40273,40130,40340,40130,0.0047
2013/12/24,40407,40301,40465,40301,0.0033
2013/12/26,40386,40386,40386,40386,-0.0005
2013/12/27,41231,40500,41286,40500,0.0209
2013/12/30,41572,41256,41645,41256,0.0083
2013/12/31,41700,41549,41780,41408,0.0031
2014/01/01,41756,41756,41756,41756,0.0013
2014/01/02,42062,41670,42341,41662,0.0073
2014/01/03,41590,41785,41951,41499,-0.0112
2014/01/06,41337,41549,41824,41265,-0.0061
2014/01/07,41324,41300,41584,41300,-0.0003
2014/01/08,41141,41480,41590,41090,-0.0044
2014/01/09,40927,41240,41303,40810,-0.0052
2014/01/10,41082,40924,41199,40759,0.0038
2014/01/13,41396,41120,41494,41080,0.0076
2014/01/14,41333,41099,41400,40935,-0.0015
2014/01/15,41785,41571,41914,41440,0.0109
2014/01/16,42064,41931,42159,41393,0.0067
2014/01/17,42089,42077,42350,41932,0.0006
2014/01/20,42348,42005,42400,41883,0.0062
2014/01/21,42295,42525,42539,42155,-0.0013
2014/01/22,42343,42256,42420,42142,0.0011
2014/01/23,42423,42201,42721,42170,0.0019
2014/01/24,41784,42310,42440,41700,-0.0151
2014/01/27,41125,41448,41528,40971,-0.0158
2014/01/28,41150,41133,41195,40917,0.0006
2014/01/29,40982,41402,41750,40791,-0.0041
2014/01/30,40717,40849,41016,40612,-0.0065
2014/01/31,40565,40850,40850,40426,-0.0037
2014/02/03,40396,40600,40900,40281,-0.0042
2014/02/04,39968,39995,40026,39620,-0.0106
2014/02/05,39949,39953,40048,39634,-0.0005
2014/02/06,40471,40049,40480,39777,0.0131
2014/02/07,40779,40573,40817,40445,0.0076
2014/02/10,41232,40943,41300,40837,0.0111
2014/02/11,41233,41370,41597,41101,0
2014/02/12,41830,41501,41857,41363,0.0145
2014/02/13,41658,41560,41964,41550,-0.0041
2014/02/14,42025,41841,42110,41841,0.0088
2014/02/17,42394,42156,42529,42101,0.0088
2014/02/18,42440,42475,42623,42200,0.0011
2014/02/19,42799,42419,42935,42400,0.0085
2014/02/20,42506,42671,42734,42428,-0.0068
2014/02/21,42860,42840,42990,42645,0.0083
2014/02/24,42828,42749,42983,42631,-0.0007
2014/02/25,42355,42751,42897,42285,-0.011
2014/02/26,42390,42409,42575,42320,0.0008
2014/02/27,42427,42579,42700,42270,0.0009
2014/02/28,42594,42476,42700,42304,0.0039
2014/03/03,42542,42432,42609,42219,-0.0012
2014/03/04,43045,42790,43115,42680,0.0118
2014/03/05,42903,43065,43112,42803,-0.0033
2014/03/06,43230,42970,43300,42873,0.0076
2014/03/07,43151,43252,43390,43112,-0.0018
2014/03/10,42708,42875,42995,42655,-0.0103
2014/03/11,43061,42830,43098,42618,0.0083
2014/03/12,42602,42770,42815,42484,-0.0107
2014/03/13,42228,42730,42783,42206,-0.0088
2014/03/14,41771,41835,41870,41475,-0.0108
2014/03/17,42179,41700,42264,41620,0.0098
2014/03/18,42411,42337,42579,41965,0.0055
2014/03/19,41988,42451,42505,41894,-0.01
2014/03/20,41997,41760,42057,41630,0.0002
2014/03/24,42510,42251,42719,42250,0.0122
2014/03/25,43105,42573,43180,42423,0.014
2014/03/26,43312,43235,43450,43220,0.0048
2014/03/27,43031,43100,43125,42800,-0.0065
2014/03/28,43522,43149,43590,43100,0.0114
2014/03/31,43376,43580,43767,43265,-0.0034
2014/04/01,43668,43444,43850,43441,0.0067
2014/04/02,43961,44105,44050,43780,0.0067
2014/04/03,43762,43935,44170,43685,-0.0045
2014/04/04,43897,43854,43958,43736,0.0031
2014/04/07,43446,43570,43717,43401,-0.0103
2014/04/08,43634,43465,43780,43357,0.0043
2014/04/09,43842,43849,44079,43744,0.0048
2014/04/10,43939,44000,44158,43717,0.0022
2014/04/11,43485,43610,43739,43321,-0.0103
2014/04/14,43604,43320,43700,43250,0.0027
2014/04/15,43227,43650,43688,43140,-0.0086
2014/04/16,43616,43510,43684,43312,0.009
2014/04/17,43843,43630,43888,43490,0.0052
2014/04/22,44068,43860,44112,43799,0.0051
2014/04/23,44027,44020,44310,43956,-0.0009
2014/04/24,44246,44121,44420,44121,0.005
2014/04/25,44152,44226,44349,44120,-0.0021
2014/04/29,44131,44300,44300,43850,-0.0005
2014/04/30,44144,44010,44199,43961,0.0003
2014/05/01,44197,44197,44197,44197,0.0012
2014/05/02,44352,44105,44445,44103,0.0035
2014/05/05,44053,44266,44400,43961,-0.0067
2014/05/06,44138,44119,44265,43905,0.0019
2014/05/07,44170,44170,44170,44170,0.0007
2014/05/08,44169,44255,44375,44123,0
2014/05/09,43992,44142,44375,43900,-0.004
2014/05/12,44370,44239,44465,44180,0.0086
2014/05/13,44307,44481,44539,44216,-0.0014
2014/05/14,44751,44355,44821,44320,0.01
2014/05/15,44617,44680,45065,44509,-0.003
2014/05/16,44286,44678,44750,44201,-0.0074
2014/05/19,44614,44280,44740,44177,0.0074
2014/05/20,44764,44681,44910,44623,0.0034
2014/05/21,44798,44700,44820,44556,0.0008
2014/05/22,44998,44961,45189,44960,0.0045
2014/05/23,45078,45006,45244,44966,0.0018
2014/05/26,45143,45135,45178,44959,0.0014
2014/05/27,45000,45090,45153,44989,-0.0032
2014/05/28,44864,45100,45155,44771,-0.003
2014/05/29,44913,44865,45008,44717,0.0011
2014/05/30,44885,44900,44960,44756,-0.0006
2014/06/02,44958,44949,45010,44763,0.0016
2014/06/03,45076,44922,45120,44840,0.0026
2014/06/04,45069,45000,45195,44970,-0.0002
2014/06/05,45097,45065,45130,44831,0.0006
2014/06/06,45035,45116,45223,44961,-0.0014
2014/06/09,45176,45100,45268,45015,0.0031
2014/06/10,45792,45168,45840,45135,0.0136
2014/06/11,45758,45833,46045,45727,-0.0007
2014/06/12,45655,45770,45816,45530,-0.0023
2014/06/13,45805,45640,45880,45540,0.0033
2014/06/17,45893,45835,45935,45721,0.0019
2014/06/18,45718,45965,46025,45700,-0.0038
2014/06/19,46376,45940,46380,45931,0.0144
2014/06/20,46487,46450,46585,46364,0.0024
2014/06/23,46257,46505,46565,46035,-0.0049
2014/06/24,46043,46218,46308,45900,-0.0046
2014/06/25,45553,45855,45879,45358,-0.0106
2014/06/26,45973,45660,46060,45620,0.0092
2014/06/27,45819,45980,46008,45685,-0.0033
2014/06/30,46070,45875,46100,45765,0.0055
2014/07/01,46642,46055,46707,46035,0.0124
2014/07/02,46992,46720,47170,46660,0.0075
2014/07/03,47034,47002,47276,46800,0.0009
2014/07/04,47188,47061,47209,46960,0.0033
2014/07/07,46958,47101,47234,46821,-0.0049
2014/07/08,46670,46900,46953,46506,-0.0061
2014/07/09,46429,46532,46542,46220,-0.0052
2014/07/10,46015,46520,46552,45670,-0.0089
2014/07/11,46142,45950,46211,45839,0.0028
2014/07/14,46459,46317,46625,46290,0.0069
2014/07/15,46650,46409,46755,46295,0.0041
2014/07/16,46958,46622,47090,46550,0.0066
2014/07/17,46647,46902,46902,46462,-0.0066
2014/07/18,46599,46340,46659,46180,-0.001
2014/07/21,46267,46620,46655,46200,-0.0071
2014/07/22,46797,46422,46896,46394,0.0115
2014/07/23,46719,46843,46917,46575,-0.0017
2014/07/24,46427,46631,46790,46395,-0.0063
2014/07/25,46356,46465,46553,46240,-0.0015
2014/07/28,46723,46430,46830,46430,0.0079
2014/07/29,47025,46880,47119,46840,0.0065
2014/07/30,46489,46979,46995,46448,-0.0114
2014/07/31,46176,46605,46605,46114,-0.0067
2014/08/01,45662,46005,46029,45396,-0.0111
2014/08/04,45994,45795,46078,45675,0.0073
2014/08/05,46135,46070,46380,46011,0.0031
2014/08/06,45874,45980,46120,45571,-0.0057
2014/08/07,45494,45955,45960,45379,-0.0083
2014/08/08,45564,45169,45664,45050,0.0015
2014/08/11,46327,45910,46444,45839,0.0167
2014/08/12,46214,46315,46538,46170,-0.0024
2014/08/13,46086,46255,46567,45980,-0.0028
2014/08/14,45858,46165,46175,45845,-0.0049
2014/08/15,46025,46072,46288,45975,0.0036
2014/08/18,46410,46198,46446,46155,0.0084
2014/08/19,46148,46545,46659,46030,-0.0056
2014/08/20,46269,46245,46309,45783,0.0026
2014/08/21,46252,46240,46439,45988,-0.0004
2014/08/22,45827,46276,46370,45790,-0.0092
2014/08/25,46191,46020,46224,45832,0.0079
2014/08/26,46433,46105,46480,46060,0.0052
2014/08/27,46323,46425,46583,46261,-0.0024
2014/08/28,45805,46264,46272,45705,-0.0112
2014/08/29,45585,45849,45880,45401,-0.0048
2014/09/01,45763,45730,45875,45589,0.0039
2014/09/02,46117,45891,46224,45837,0.0077
2014/09/03,46483,46180,46551,46073,0.0079
2014/09/04,46692,46310,46699,46273,0.0045
2014/09/05,46378,46565,46600,46182,-0.0067
2014/09/08,46265,46399,46534,46201,-0.0024
2014/09/09,46385,46265,46540,46242,0.0026
2014/09/10,45913,46225,46250,45860,-0.0102
2014/09/11,45895,46091,46100,45812,-0.0004
2014/09/12,45869,46045,46130,45735,-0.0006
2014/09/15,46052,45765,46231,45700,0.004
2014/09/16,45903,46100,46100,45629,-0.0032
2014/09/17,45795,46061,46140,45755,-0.0024
2014/09/18,46028,45867,46070,45780,0.0051
2014/09/19,46679,46930,47085,46587,0.0141
2014/09/22,45717,46410,46410,45669,-0.0206
2014/09/23,45331,45853,45867,45070,-0.0084
2014/09/25,44739,45556,45700,44670,-0.0131
2014/09/26,44938,44800,44985,44411,0.0044
2014/09/29,44604,44800,44900,44453,-0.0074
2014/09/30,44533,44627,44689,44333,-0.0016
2014/10/01,44033,44471,44748,43983,-0.0112
2014/10/02,43298,43880,44028,43160,-0.0167
2014/10/03,43728,43545,43860,43474,0.0099
2014/10/06,44362,43930,44596,43780,0.0145
2014/10/07,43911,44395,44495,43780,-0.0102
2014/10/08,43222,43599,43799,43111,-0.0157
2014/10/09,43285,43700,44020,43190,0.0015
2014/10/10,42272,42695,42950,42110,-0.0234
2014/10/13,42611,41930,42865,41900,0.008
2014/10/14,42844,42420,42990,42130,0.0055
2014/10/15,41802,42980,43000,41476,-0.0243
2014/10/16,42124,42005,42400,41200,0.0077
2014/10/17,43063,42250,43210,42126,0.0223
2014/10/20,42766,43352,43352,42702,-0.0069
2014/10/21,43732,42709,43890,42465,0.0226
2014/10/22,43316,43995,44034,43164,-0.0095
2014/10/23,43224,43110,43290,42565,-0.0021
2014/10/24,43005,43069,43150,42806,-0.0051
2014/10/27,43097,43135,43523,42711,0.0021
2014/10/28,43496,43200,43718,43140,0.0093
2014/10/29,44070,43770,44197,43686,0.0132
2014/10/30,43620,43981,44170,43420,-0.0102
2014/10/31,44684,44120,44810,44108,0.0244
2014/11/03,44997,44600,45167,44536,0.007
2014/11/04,44734,44971,45011,44566,-0.0058
2014/11/05,44604,44970,45031,44488,-0.0029
2014/11/06,44543,44604,44750,44330,-0.0014
2014/11/07,45053,44800,45298,44640,0.0114
2014/11/10,45488,45260,45520,45242,0.0097
2014/11/11,45263,45519,45577,45160,-0.0049
2014/11/12,45171,45189,45522,45141,-0.002
2014/11/13,45329,45358,45550,45185,0.0035
2014/11/14,45413,45395,45565,45151,0.0019
2014/11/17,45207,45229,45427,45080,-0.0045
2014/11/18,45065,45330,45350,44839,-0.0031
2014/11/19,44674,44960,45048,44585,-0.0087
2014/11/20,43873,44570,44830,43784,-0.0179
2014/11/21,45464,44030,45591,44020,0.0363
2014/11/24,45333,45550,45577,45126,-0.0029
2014/11/25,45135,45270,45442,44889,-0.0044
2014/11/26,44907,45181,45262,44783,-0.0051
2014/11/27,45086,44913,45225,44825,0.004
2014/11/28,44326,44979,44979,44216,-0.0169
2014/12/01,43384,43850,43850,42528,-0.0213
2014/12/02,44121,43553,44189,43475,0.017
2014/12/03,44351,44150,44500,43712,0.0052
2014/12/04,43868,44515,44646,43733,-0.0109
2014/12/05,43988,43802,44110,43800,0.0027
2014/12/08,44075,44010,44111,43507,0.002
2014/12/09,42980,43500,43729,42893,-0.0248
2014/12/10,43115,43121,43337,42982,0.0031
2014/12/11,42538,42950,43119,42430,-0.0134
2014/12/12,42464,42300,42517,42096,-0.0017
2014/12/15,41826,41964,42330,41606,-0.015
2014/12/17,41666,41662,41870,41371,-0.0038
2014/12/18,43473,42390,43474,42215,0.0434
2014/12/19,44084,44400,44570,43825,0.0141
2014/12/22,43860,44380,44475,43708,-0.0051
2014/12/23,44169,43800,44245,43631,0.007
2014/12/24,44020,44085,44206,43935,-0.0034
2014/12/29,44803,44330,44888,44250,0.0178
2014/12/30,44198,44639,44639,44059,-0.0135
2014/12/31,44258,44201,44455,44194,0.0014
2015/01/02,43875,44188,44694,43825,-0.0087
2015/01/05,42147,43920,44180,42075,-0.0394
2015/01/06,42967,42179,43158,42179,0.0195
2015/01/07,43346,42900,43420,42566,0.0088
2015/01/08,43948,43650,44000,43214,0.0139
2015/01/09,43181,44000,44029,43119,-0.0175
2015/01/12,42671,43200,43566,42629,-0.0118
2015/01/13,43691,42851,43801,42821,0.0239
2015/01/14,42186,42900,43048,41951,-0.0344
2015/01/15,42840,42695,43095,42099,0.0155
2015/01/16,42669,42480,42739,42268,-0.004
2015/01/19,43148,42820,43195,42732,0.0112
2015/01/20,43228,43295,43420,43106,0.0019
2015/01/21,43615,43510,43793,43333,0.009
2015/01/22,43889,43901,44420,43780,0.0063
2015/01/23,43760,44151,44340,43651,-0.0029
2015/01/26,44304,43530,44462,43385,0.0124
2015/01/27,44658,44400,44981,44365,0.008
2015/01/28,45125,44890,45302,44800,0.0105
2015/01/29,44868,44745,45200,44675,-0.0057
2015/01/30,45220,45002,45344,44925,0.0078
2015/02/02,45212,45050,45390,44958,-0.0002
2015/02/03,45742,45460,45974,45311,0.0117
2015/02/04,45485,45990,46030,45360,-0.0056
2015/02/05,45508,45435,45620,45165,0.0005
2015/02/06,45796,45525,45900,45431,0.0063
2015/02/09,45911,45595,45984,45471,0.0025
2015/02/10,45949,45965,46094,45706,0.0008
2015/02/11,45917,46000,46096,45846,-0.0007
2015/02/12,46285,45815,46310,45814,0.008
2015/02/13,46733,46515,46814,46455,0.0097
2015/02/16,46795,46730,46850,46615,0.0013
2015/02/17,46745,46650,47020,46450,-0.0011
2015/02/18,46424,47010,47080,46327,-0.0069
2015/02/19,46745,46538,46845,46145,0.0069
2015/02/20,46814,46838,46890,46539,0.0015
2015/02/23,47173,47063,47219,46801,0.0077
2015/02/24,47091,47245,47289,47032,-0.0017
2015/02/25,46970,47245,47350,46915,-0.0026
2015/02/26,47088,47000,47175,46746,0.0025
2015/02/27,47105,47042,47158,46850,0.0004
2015/03/02,46709,47150,47294,46584,-0.0084
2015/03/03,46842,46800,46959,46626,0.0028
2015/03/04,46646,46705,46995,46531,-0.0042
2015/03/05,46985,46733,47120,46550,0.0073
2015/03/06,47073,46860,47145,46670,0.0019
2015/03/09,46636,46734,46965,46590,-0.0093
2015/03/10,46135,46690,46690,45910,-0.0107
2015/03/11,45828,46045,46285,45660,-0.0067
2015/03/12,46269,46052,46402,46020,0.0096
2015/03/13,45796,46300,46400,45666,-0.0102
2015/03/16,46196,45915,46241,45815,0.0087
2015/03/17,46295,46270,46609,46091,0.0021
2015/03/18,46164,46421,46590,46040,-0.0028
2015/03/19,47043,46630,47310,46630,0.019
2015/03/20,46909,47065,47100,46728,-0.0028
2015/03/23,46910,47080,47240,46831,0
2015/03/24,47173,46880,47370,46752,0.0056
2015/03/25,46605,47000,47031,46438,-0.012
2015/03/26,45915,46300,46460,45690,-0.0148
2015/03/27,46030,46010,46073,45707,0.0025
2015/03/30,46644,46155,46725,46133,0.0133
2015/03/31,46391,46660,46794,46258,-0.0054
2015/04/01,46465,46105,46498,46060,0.0016
2015/04/02,46410,46431,46628,46246,-0.0012
2015/04/07,46795,46515,46894,46515,0.0083
2015/04/08,46996,46821,47150,46757,0.0043
2015/04/09,47151,47200,47290,46933,0.0033
2015/04/10,47465,47250,47525,47209,0.0067
2015/04/13,47678,47590,47874,47480,0.0045
2015/04/14,47444,47650,47778,47293,-0.0049
2015/04/15,47835,47530,47880,47488,0.0082
2015/04/16,48363,47900,48401,47892,0.011
2015/04/17,47865,48298,48370,47632,-0.0103
2015/04/20,47979,47867,48198,47818,0.0024
2015/04/21,48241,48135,48367,48030,0.0055
2015/04/22,48420,48203,48544,48011,0.0037
2015/04/23,48803,48544,48844,48407,0.0079
2015/04/24,49333,48888,49519,48886,0.0109
2015/04/28,49104,49202,49360,48943,-0.0046
2015/04/29,48710,49100,49237,48575,-0.008
2015/04/30,48544,48600,48945,48430,-0.0034
2015/05/04,48783,48774,49217,48625,0.0049
2015/05/05,48667,48700,48875,48501,-0.0024
2015/05/06,48015,48470,48669,47940,-0.0134
2015/05/07,47495,47976,47976,47233,-0.0108
2015/05/08,48051,47978,48170,47900,0.0117
2015/05/11,48368,48220,48419,48170,0.0066
2015/05/12,48153,48280,48458,48011,-0.0044
2015/05/13,48257,48371,48493,48209,0.0022
2015/05/14,48065,48199,48257,48030,-0.004
2015/05/15,48167,48295,48554,48099,0.0021
2015/05/18,48478,48089,48549,47940,0.0065
2015/05/19,48324,48588,48615,48195,-0.0032
2015/05/20,48181,48255,48358,47982,-0.003
2015/05/21,48096,48139,48237,47870,-0.0018
2015/05/22,48074,48244,48288,47900,-0.0005
2015/05/25,47993,48123,48235,47924,-0.0017
2015/05/26,47100,48080,48148,46960,-0.0186
2015/05/27,47009,47095,47095,46491,-0.0019
2015/05/28,46914,46945,47272,46540,-0.002
2015/05/29,46464,47070,47199,46300,-0.0096
2015/06/01,46262,46450,46720,46188,-0.0043
2015/06/02,46463,46200,46490,45630,0.0043
2015/06/03,46149,46398,46425,45868,-0.0068
2015/06/04,45603,45790,45950,45508,-0.0118
2015/06/05,46070,45379,46156,45331,0.0102
2015/06/08,45978,45966,46126,45727,-0.002
2015/06/09,45403,45819,45894,45320,-0.0125
2015/06/10,46196,45465,46295,45440,0.0175
2015/06/11,46152,46253,46588,46085,-0.001
2015/06/12,46172,46093,46515,46012,0.0004
2015/06/15,45660,45946,46195,45550,-0.0111
2015/06/17,45938,45910,46167,45765,0.0061
2015/06/18,45816,45842,46099,45587,-0.0027
2015/06/19,46298,46440,46664,46201,0.0105
2015/06/22,46721,46450,46856,46420,0.0091
2015/06/23,47213,46870,47288,46820,0.0105
2015/06/24,47410,47268,47555,47198,0.0042
2015/06/25,47482,47230,47711,47059,0.0015
2015/06/26,47214,47299,47387,47029,-0.0056
2015/06/29,46516,46270,46674,46225,-0.0148
2015/06/30,46240,46600,46600,46056,-0.0059
2015/07/01,46457,46383,46654,46180,0.0047
2015/07/02,46736,46575,46890,46353,0.006
2015/07/03,46425,46625,46785,46322,-0.0067
2015/07/06,45769,45800,45980,45582,-0.0141
2015/07/07,44351,45851,45855,44310,-0.031
2015/07/08,44712,44100,44765,43871,0.0081
2015/07/09,45958,45050,46116,45050,0.0279
2015/07/10,46230,46400,46500,46126,0.0059
2015/07/13,46982,46180,47040,46120,0.0163
2015/07/14,46615,47000,47050,46454,-0.0078
2015/07/15,46965,46650,47076,46630,0.0075
2015/07/16,47273,47080,47334,46971,0.0066
2015/07/17,47081,47350,47525,47071,-0.0041
2015/07/20,47382,47132,47488,47014,0.0064
2015/07/21,47277,47525,47633,47211,-0.0022
2015/07/22,46315,47074,47074,46130,-0.0203
2015/07/23,46668,46451,46884,46348,0.0076
2015/07/24,45808,46435,46478,45760,-0.0184
2015/07/27,45779,45690,46038,45493,-0.0006
2015/07/28,45249,45921,46029,45084,-0.0116
2015/07/29,46081,45430,46159,45389,0.0184
2015/07/30,46245,46198,46468,46030,0.0036
2015/07/31,46529,46360,46630,46084,0.0061
2015/08/03,46118,46373,46486,45980,-0.0088
2015/08/04,46968,46045,47050,45984,0.0184
2015/08/05,47301,46911,47425,46881,0.0071
2015/08/06,46933,47010,47194,46710,-0.0078
2015/08/07,46375,46775,47064,46305,-0.0119
2015/08/11,46620,46725,47212,46403,0.0053
2015/08/12,44934,46230,46250,44844,-0.0362
2015/08/13,45855,45473,45959,45473,0.0205
2015/08/14,45272,45875,45990,45171,-0.0127
2015/08/17,45238,45420,45599,45005,-0.0008
2015/08/18,45406,45170,45451,44870,0.0037
2015/08/19,44585,45185,45229,44488,-0.0181
2015/08/20,44098,44330,44420,43656,-0.0109
2015/08/21,43289,43338,43730,43065,-0.0183
2015/08/24,42085,41650,42426,40297,-0.0278
2015/08/25,43426,42371,43699,42261,0.0319
2015/08/26,42784,43050,43280,42655,-0.0148
2015/08/27,43508,43510,43588,43146,0.0169
2015/08/28,44292,43895,44420,43735,0.018
2015/08/31,44205,44010,44350,43900,-0.002
2015/09/01,42869,43750,44020,42811,-0.0302
2015/09/02,43562,43199,43950,43101,0.0162
2015/09/03,44689,43871,44729,43801,0.0259
2015/09/04,43369,44350,44350,43233,-0.0295
2015/09/07,43412,43550,44142,43286,0.001
2015/09/08,44156,43655,44285,43601,0.0171
2015/09/09,44268,44850,44960,44189,0.0025
2015/09/10,44055,43851,44245,43655,-0.0048
2015/09/11,43450,43980,44095,43370,-0.0137
2015/09/14,43820,43565,44060,43500,0.0085
2015/09/15,43952,43675,44047,43361,0.003
2015/09/16,45593,44350,45811,44296,0.0373
2015/09/17,46340,45990,46607,45800,0.0164
2015/09/18,46067,46530,46595,45610,-0.0059
2015/09/21,45780,45740,45999,45640,-0.0062
2015/09/22,44980,45898,45898,44839,-0.0175
2015/09/23,45488,44801,45611,44730,0.0113
2015/09/25,45368,45450,45700,45276,-0.0026
2015/09/28,44586,45299,45595,44505,-0.0172
2015/09/29,44565,44270,44896,44150,-0.0005
2015/09/30,45295,45098,45401,44849,0.0164
2015/10/01,45638,45850,46010,45550,0.0076
2015/10/02,46069,45895,46379,45789,0.0094
2015/10/05,47205,46985,47259,46501,0.0247
2015/10/06,47095,47149,47373,46886,-0.0023
2015/10/07,47612,47475,47820,47360,0.011
2015/10/08,47755,47468,47833,47434,0.003
2015/10/09,48307,48125,48650,47970,0.0116
2015/10/12,47638,48400,48550,47575,-0.0138
2015/10/13,48050,48300,48435,47652,0.0086
2015/10/14,48029,47880,48340,47726,-0.0004
2015/10/15,47883,48233,48350,47780,-0.003
2015/10/16,47889,48235,48244,47850,0.0001
2015/10/19,48082,47975,48183,47650,0.004
2015/10/20,47812,48047,48048,47461,-0.0056
2015/10/21,48008,47995,48411,47681,0.0041
2015/10/22,48222,47850,48458,47800,0.0045
2015/10/23,49227,48620,49320,48400,0.0208
2015/10/26,48911,49150,49505,48770,-0.0064
2015/10/27,48567,48880,48935,48424,-0.007
2015/10/28,48542,48745,48745,48280,-0.0005
2015/10/29,48337,48600,48600,47943,-0.0042
2015/10/30,48754,48380,48782,48375,0.0086
2015/11/02,48668,48466,48798,48217,-0.0018
2015/11/03,48867,48935,48994,48540,0.0041
2015/11/04,49331,49075,49550,48988,0.0095
2015/11/05,48847,49285,49395,48603,-0.0098
2015/11/06,47752,48795,48795,47580,-0.0224
2015/11/09,48242,47878,48285,47860,0.0103
2015/11/10,47424,48006,48205,47261,-0.017
2015/11/11,47505,47595,47724,47355,0.0017
2015/11/12,47038,47494,47645,46900,-0.0098
2015/11/13,46208,46800,46869,46099,-0.0176
2015/11/16,46509,45805,46704,45767,0.0065
2015/11/17,46973,46995,47232,46716,0.01
2015/11/18,46658,46896,46981,46375,-0.0067
2015/11/19,47039,46995,47274,46910,0.0082
2015/11/20,47182,47000,47403,46914,0.003
2015/11/23,47136,47039,47266,46605,-0.001
2015/11/24,46708,47097,47170,46600,-0.0091
2015/11/25,46896,46886,47060,46635,0.004
2015/11/26,47178,46985,47352,46922,0.006
2015/11/27,46643,47146,47146,46569,-0.0113
2015/11/30,46485,46639,46900,46330,-0.0034
2015/12/01,46483,46676,46949,46195,0
2015/12/02,46159,46500,46647,46017,-0.007
2015/12/03,45493,46019,46019,45268,-0.0144
2015/12/04,44370,44990,45099,44115,-0.0247
2015/12/07,45023,44710,45425,44580,0.0147
2015/12/08,44245,44750,44750,44006,-0.0173
2015/12/09,44623,44298,44729,44085,0.0085
2015/12/10,44303,44502,44963,44058,-0.0072
2015/12/11,43638,44183,44415,43200,-0.015
2015/12/14,43498,43790,44435,43247,-0.0032
2015/12/15,43741,43591,43926,43235,0.0056
2015/12/16,44237,44237,44237,44237,0.0113
2015/12/17,44803,44301,45074,44160,0.0128
2015/12/18,44695,45155,45319,44490,-0.0024
2015/12/21,45075,44733,45175,44550,0.0085
2015/12/22,45568,45122,45679,44930,0.0109
2015/12/23,46696,45940,46914,45802,0.0248
2015/12/24,47232,46840,47290,46640,0.0115
2015/12/28,46809,47125,47500,46331,-0.009
2015/12/29,46573,47082,47330,46500,-0.005
2015/12/30,46547,46773,46941,46411,-0.0006
2015/12/31,46272,46500,46650,46169,-0.0059
2016/01/04,44900,45640,45820,44765,-0.0297
2016/01/05,45103,44999,45360,44512,0.0045
2016/01/06,44533,44900,44900,44350,-0.0126
2016/01/07,43579,43855,43855,43065,-0.0214
2016/01/08,43587,43660,43997,43234,0.0002
2016/01/11,43896,43118,44139,42942,0.0071
2016/01/12,43786,43500,44252,43320,-0.0025
2016/01/13,43659,44050,44220,43598,-0.0029
2016/01/14,43003,43205,43450,42920,-0.015
2016/01/15,42303,43241,43360,42215,-0.0163
2016/01/18,42457,42500,43040,42347,0.0036
2016/01/19,43130,42731,43457,42731,0.0159
2016/01/20,41871,42230,42331,41603,-0.0292
2016/01/21,41908,42011,42104,41530,0.0009
2016/01/22,43234,42421,43280,42421,0.0316
2016/01/25,42652,43450,43450,42557,-0.0135
2016/01/26,42887,42252,43265,41942,0.0055
2016/01/27,43161,43158,43350,42915,0.0064
2016/01/28,43976,43055,44344,43054,0.0189
2016/01/29,44251,44210,44618,43894,0.0063
2016/02/01,43995,44598,44620,43739,-0.0058
2016/02/02,43179,44001,44179,43128,-0.0185
2016/02/03,43692,42999,44027,42911,0.0119
2016/02/04,44542,44251,44755,44160,0.0195
2016/02/05,44720,44448,44862,44107,0.004
2016/02/08,44171,44844,44860,43878,-0.0123
2016/02/09,43253,43800,43995,42989,-0.0208
2016/02/10,43169,43105,43730,42942,-0.0019
2016/02/11,42244,42762,42948,42050,-0.0214
2016/02/12,43286,42321,43590,42321,0.0247
2016/02/15,44527,43910,44570,43754,0.0287
2016/02/16,44082,44551,45056,44001,-0.01
2016/02/17,44745,44155,44918,44070,0.015
2016/02/18,44640,45000,45200,44538,-0.0023
2016/02/19,43464,44475,44530,43327,-0.0263
2016/02/22,43842,43911,44133,43720,0.0087
2016/02/23,43091,43595,43793,42962,-0.0171
2016/02/24,42533,42645,42769,42004,-0.0129
2016/02/25,42851,42950,43139,42550,0.0075
2016/02/26,43880,43100,44021,43075,0.024
2016/02/29,43817,43650,44080,43455,-0.0014
2016/03/01,44690,43680,44840,43680,0.0199
2016/03/02,45270,45130,45440,44978,0.013
2016/03/03,45970,45465,46122,45360,0.0155
2016/03/04,46238,46000,46349,45853,0.0058
2016/03/07,46673,46149,46835,46030,0.0094
2016/03/08,46267,46552,46866,46200,-0.0087
2016/03/09,45689,46083,46514,45603,-0.0125
2016/03/10,45688,45905,46037,45374,0
2016/03/11,45802,45990,46110,45390,0.0025
2016/03/14,46596,46110,46650,46110,0.0173
2016/03/15,46364,46350,46492,45980,-0.005
2016/03/16,46817,46480,46940,46405,0.0098
2016/03/17,47101,47500,47650,47000,0.0061
2016/03/18,48263,47780,48399,47705,0.0247
2016/03/22,47807,48199,48229,47362,-0.0094
2016/03/23,47047,47701,47770,46970,-0.0159
2016/03/24,47032,46997,47169,46409,-0.0003
2016/03/29,46434,46870,47387,46310,-0.0127
2016/03/30,47020,46710,47269,46650,0.0126
2016/03/31,46793,46850,46972,46395,-0.0048
2016/04/01,46020,46422,46500,45761,-0.0165
2016/04/04,46358,46195,46485,45799,0.0073
2016/04/05,45726,46005,46010,45505,-0.0136
2016/04/06,45665,45950,46090,45523,-0.0013
2016/04/07,45514,45915,46003,45300,-0.0033
2016/04/08,45773,45575,45890,45425,0.0057
2016/04/11,45745,45671,45975,45362,-0.0006
2016/04/12,46294,45700,46440,45584,0.012
2016/04/13,47210,46692,47740,46692,0.0198
2016/04/14,47088,47225,47385,46969,-0.0026
2016/04/15,47295,47001,47385,46820,0.0044
2016/04/18,47454,46901,47525,46744,0.0034
2016/04/19,47594,47600,47694,47335,0.003
2016/04/20,47847,47384,47939,47161,0.0053
2016/04/21,47450,47950,48140,47332,-0.0083
2016/04/22,47126,47420,47453,46952,-0.0068
2016/04/25,47023,47026,47234,46499,-0.0022
2016/04/26,47140,47179,47395,46891,0.0025
2016/04/28,47359,47001,47673,47000,0.0046
2016/04/29,46913,47350,47350,46800,-0.0094
2016/05/03,45995,47071,47185,45910,-0.0196
2016/05/04,45916,45851,46186,45538,-0.0017
2016/05/05,46003,45849,46340,45471,0.0019
2016/05/06,45466,45888,45888,45375,-0.0117
2016/05/09,45485,45600,46050,45400,0.0004
2016/05/10,45994,45675,46072,45639,0.0112
2016/05/11,46141,46120,46450,46030,0.0032
2016/05/12,45468,45981,46050,45400,-0.0146
2016/05/13,45683,45311,45884,44970,0.0047
2016/05/16,46535,45775,46630,45773,0.0187
2016/05/17,46652,46709,47141,46361,0.0025
2016/05/18,46896,46378,48500,46290,0.0052
2016/05/19,46594,46799,46839,46280,-0.0064
2016/05/20,46762,46956,47195,46717,0.0036
2016/05/23,46797,46849,46930,46325,0.0007
2016/05/24,47309,46700,47420,46545,0.0109
2016/05/25,48008,47561,48113,47525,0.0148
2016/05/26,48128,48010,48550,47960,0.0025
2016/05/27,48310,48355,48460,48140,0.0038
2016/05/30,48613,48370,48681,48255,0.0063
2016/05/31,48206,48697,48909,48088,-0.0084
2016/06/01,47759,47960,48129,47723,-0.0093
2016/06/02,47881,47805,48150,47736,0.0026
2016/06/03,48255,48047,48339,47890,0.0078
2016/06/06,47983,48131,48270,47640,-0.0056
2016/06/07,48171,48075,48365,47892,0.0039
2016/06/08,47831,47995,48140,47740,-0.0071
2016/06/09,47303,47755,47860,47240,-0.011
2016/06/10,47075,47251,47346,46896,-0.0048
2016/06/13,46461,46650,46774,46455,-0.013
2016/06/14,45427,46301,46379,45330,-0.0223
2016/06/15,45695,45597,45920,45470,0.0059
2016/06/16,46581,46581,46581,46581,0.0194
2016/06/17,46540,46679,46679,46110,-0.0009
2016/06/20,47473,47028,47547,47028,0.02
2016/06/21,47379,47473,47499,47080,-0.002
2016/06/22,47934,47525,48080,47436,0.0117
2016/06/23,47914,47899,48310,47516,-0.0004
2016/06/24,45977,46029,46340,45100,-0.0404
2016/06/27,44455,45610,45735,44355,-0.0331
2016/06/28,45408,44743,45815,44735,0.0214
2016/06/29,46139,45720,46325,45500,0.0161
2016/06/30,46446,46225,46833,46130,0.0067
2016/07/01,46322,46760,46885,45896,-0.0027
2016/07/04,46326,46621,46820,46250,0.0001
2016/07/05,45675,46160,46263,45480,-0.0141
2016/07/06,44792,45353,45492,44733,-0.0193
2016/07/07,45106,45050,45488,44880,0.007
2016/07/08,45217,44803,45345,44751,0.0025
2016/07/11,45942,45700,46050,45385,0.016
2016/07/12,46329,45985,46445,45761,0.0084
2016/07/13,46488,46455,46678,46320,0.0034
2016/07/14,46490,46494,46695,46287,0
2016/07/15,46647,46380,46795,46261,0.0034
2016/07/18,46647,46750,46750,46321,0
2016/07/19,46422,46498,46511,45994,-0.0048
2016/07/20,46375,46388,46507,46001,-0.001
2016/07/21,46440,46405,46600,46264,0.0014
2016/07/22,46437,46297,46500,46051,-0.0001
2016/07/25,46705,46500,47095,46466,0.0058
2016/07/26,46930,46779,47099,46674,0.0048
2016/07/27,47049,47098,47220,46808,0.0025
2016/07/28,46546,46799,47191,46505,-0.0107
2016/07/29,46133,46680,46742,46038,-0.0089
2016/08/01,46228,46498,46619,46166,0.0021
2016/08/02,45693,46200,46200,45645,-0.0116
2016/08/04,45656,45900,46044,45513,-0.0008
2016/08/05,45534,45750,45880,45445,-0.0027
2016/08/08,45635,45675,45832,45531,0.0022
2016/08/09,45664,45664,45664,45664,0.0006
2016/08/10,45233,45547,45587,45026,-0.0094
2016/08/11,45310,45233,45360,44894,0.0017
2016/08/12,45794,45521,46094,45521,0.0107
2016/08/15,45408,45956,46090,45375,-0.0084
2016/08/16,45435,45405,45936,45220,0.0006
2016/08/17,45448,45679,45744,45174,0.0003
2016/08/18,46138,45570,46216,45506,0.0152
2016/08/19,45902,46100,46485,45860,-0.0051
2016/08/22,46015,45925,46189,45865,0.0025
2016/08/23,46178,46049,46239,45871,0.0035
2016/08/24,46943,46361,47040,46285,0.0166
2016/08/25,46831,46834,47016,46580,-0.0024
2016/08/26,46825,46800,47020,46606,-0.0001
2016/08/29,46893,46790,47040,46665,0.0015
2016/08/30,46843,47095,47210,46820,-0.0011
2016/08/31,46279,46802,46820,46245,-0.012
2016/09/01,46182,46390,46532,46130,-0.0021
2016/09/02,46994,46330,47150,46300,0.0176
2016/09/05,47095,47248,47470,46955,0.0021
2016/09/06,46999,47170,47308,46840,-0.002
2016/09/07,46751,46905,46990,46630,-0.0053
2016/09/08,46613,46822,46840,46370,-0.003
2016/09/09,46709,46800,46940,46583,0.0021
2016/09/12,46288,45980,46365,45655,-0.009
2016/09/13,46230,46451,46490,46112,-0.0013
2016/09/14,46016,46202,46235,45810,-0.0046
2016/09/15,46123,46062,46140,45813,0.0023
2016/09/16,46083,46379,46420,45980,-0.0009
2016/09/19,45975,46155,46169,45856,-0.0023
2016/09/20,45292,45950,45950,45048,-0.0149
2016/09/21,44817,45293,45400,44705,-0.0105
2016/09/22,45802,44990,45891,44985,0.022
2016/09/23,45931,45815,46049,45575,0.0028
2016/09/26,45467,45744,45744,45083,-0.0101
2016/09/27,44927,45499,45726,44827,-0.0119
2016/09/28,45822,44851,45964,44851,0.0199
2016/09/29,46579,46100,46815,46055,0.0165
2016/09/30,45927,46100,46390,45859,-0.014
2016/10/03,45658,46090,46190,45541,-0.0059
2016/10/04,45995,45660,46214,45605,0.0074
2016/10/05,45785,45750,45961,45557,-0.0046
2016/10/06,45626,45930,46100,45545,-0.0035
2016/10/07,45610,45489,45901,45298,-0.0004
2016/10/10,45601,45636,45729,45337,-0.0002
2016/10/11,45877,45561,46147,45461,0.0061
2016/10/12,45510,45780,46063,45386,-0.008
2016/10/13,44371,45240,45240,44270,-0.025
2016/10/14,45033,44471,45270,44471,0.0149
2016/10/17,44662,44925,45088,44550,-0.0082
2016/10/18,44952,44807,45215,44800,0.0065
2016/10/19,45368,45000,45395,44831,0.0093
2016/10/20,45265,45499,45560,45150,-0.0023
2016/10/21,45419,45265,45695,45260,0.0034
2016/10/24,45496,45521,45895,45438,0.0017
2016/10/25,45491,45620,45759,45355,-0.0001
2016/10/26,45358,45346,45454,45004,-0.0029
2016/10/27,44898,45293,45293,44829,-0.0101
2016/10/28,44640,44805,44865,44391,-0.0057
2016/10/31,44292,44641,44676,44260,-0.0078
2016/11/01,44734,44456,44794,44433,0.01
2016/11/02,44093,44340,44340,43905,-0.0143
2016/11/03,43965,44007,44032,43692,-0.0029
2016/11/04,43432,43698,43723,43317,-0.0121
2016/11/07,44118,43800,44151,43680,0.0158
2016/11/08,44426,44222,44688,44155,0.007
2016/11/09,44708,43357,44767,43200,0.0063
2016/11/10,45238,45149,45562,44710,0.0119
2016/11/11,44194,44900,44900,43985,-0.0231
2016/11/14,43670,44194,44749,43628,-0.0119
2016/11/15,43286,43850,43850,43230,-0.0088
2016/11/16,43694,43599,44030,43550,0.0094
2016/11/17,44351,43625,44443,43604,0.015
2016/11/18,44391,44470,44664,44310,0.0009
2016/11/21,44329,44423,44620,44113,-0.0014
2016/11/22,44693,44649,44990,44649,0.0082
2016/11/23,44167,44789,44980,44013,-0.0118
2016/11/24,44165,44200,44423,44010,0
2016/11/25,44318,44203,44350,43910,0.0035
2016/11/28,43723,44350,44605,43690,-0.0134
2016/11/29,43795,43700,44171,43632,0.0016
2016/11/30,43829,43810,44140,43649,0.0008
2016/12/01,43506,43922,44028,43235,-0.0074
2016/12/02,42924,43158,43235,42674,-0.0134
2016/12/05,43246,42771,43470,42585,0.0075
2016/12/06,42532,43405,43405,42416,-0.0165
2016/12/07,43000,42735,43113,42659,0.011
2016/12/08,43925,43450,43950,43261,0.0215
2016/12/09,44277,43680,44368,43630,0.008
2016/12/12,43970,44300,44636,43740,-0.0069
2016/12/13,44207,43900,44275,43828,0.0054
2016/12/14,44056,44369,44444,43924,-0.0034
2016/12/15,43744,43920,43971,43600,-0.0071
2016/12/19,43972,43940,44345,43896,0.0052
2016/12/20,44384,44049,44508,43884,0.0094
2016/12/21,44182,44461,44461,44111,-0.0046
2016/12/22,43827,44089,44089,43688,-0.008
2016/12/23,43456,43747,43747,43318,-0.0085
2016/12/28,44230,43683,44409,43683,0.0178
2016/12/29,44562,44179,44635,44142,0.0075
2016/12/30,44306,44640,44798,44212,-0.0057
2017/01/03,44784,44639,44934,44605,0.0108
2017/01/04,44436,44849,44850,44038,-0.0078
2017/01/05,44155,44698,44792,44035,-0.0063
2017/01/06,45035,44298,45098,44080,0.0199
2017/01/09,44754,45120,45333,44687,-0.0062
2017/01/10,45478,44780,45553,44730,0.0162
2017/01/11,46203,45597,46341,45390,0.0159
2017/01/12,46179,46030,46630,45980,-0.0005
2017/01/13,46502,46219,46589,46145,0.007
2017/01/16,46785,46359,46828,46240,0.0061
2017/01/17,46508,46620,46785,46400,-0.0059
2017/01/18,46524,46650,46784,46384,0.0003
2017/01/19,46445,46550,46690,46365,-0.0017
2017/01/20,46159,46369,46418,46046,-0.0062
2017/01/23,46591,45999,46660,45950,0.0094
2017/01/24,46854,46681,46900,46592,0.0056
2017/01/25,46758,47210,47280,46747,-0.002
2017/01/26,46843,46979,47150,46650,0.0018
2017/01/27,46510,46800,46990,46342,-0.0071
2017/01/30,46150,46380,46550,46044,-0.0077
2017/01/31,46227,45979,46457,45905,0.0017
2017/02/01,46490,46427,46709,46281,0.0057
2017/02/02,46115,46230,46410,45986,-0.0081
2017/02/03,45676,45900,45998,45614,-0.0095
2017/02/06,45619,45876,45954,45515,-0.0012
2017/02/07,45571,45491,45660,45300,-0.0011
2017/02/08,45106,45590,45640,45065,-0.0102
2017/02/09,45247,45206,45579,45136,0.0031
2017/02/10,45927,45561,45997,45505,0.015
2017/02/13,46140,46100,46345,46026,0.0046
2017/02/14,45622,46005,46089,45488,-0.0112
2017/02/15,45596,45852,45930,45400,-0.0006
2017/02/16,45579,45711,45790,45302,-0.0004
2017/02/17,45182,45489,45545,45076,-0.0087
2017/02/20,45632,45350,45770,45335,0.01
2017/02/21,45624,45671,45785,45303,-0.0002
2017/02/22,45099,45802,45828,44967,-0.0115
2017/02/23,45142,45005,45350,44718,0.001
2017/02/24,44635,44880,45015,44503,-0.0112
2017/02/27,44454,44689,44795,44282,-0.0041
2017/02/28,44118,44400,44465,44070,-0.0076
2017/03/01,44590,44199,44629,43930,0.0107
2017/03/02,44750,44770,44886,44575,0.0036
2017/03/03,44530,44450,44696,44190,-0.0049
2017/03/06,44260,44658,44677,44198,-0.0061
